trip_ID,ID,pickup_datetime,dropoff_datetime,passenger_count,pickup_longitude,pickup_latitude,dropoff_longitude,dropoff_latitude,duration,distance,polyline
201301001,76942C3205E17D7E7FE5A9F709D16434,2013-01-01 0:00:00,2013-01-01 0:05:00,3,-73.955925,40.781887,-73.963181,40.777832,5,0.7,"[(40.78185, -73.95584), (40.78206, -73.95569), (40.78215, -73.9559), (40.78244, -73.95659), (40.78314, -73.95825), (40.78347, -73.95901), (40.78221, -73.95992), (40.7811, -73.96073), (40.77907, -73.96222), (40.77781, -73.96313)]"
201301002,B12F855DED439EC1F9F0B8784D3B672C,2013-01-01 0:01:00,2013-01-01 0:28:00,4,-73.975647,40.760738,-74.00399,40.651306,30,11.3,"[(40.76072, -73.97561), (40.7601, -73.97606), (40.75979, -73.97628), (40.75962, -73.97587), (40.75927, -73.97504), (40.75908, -73.97461), (40.75831, -73.97277), (40.75787, -73.97174), (40.75775, -73.97147), (40.75741, -73.97063), (40.75701, -73.96966), (40.75657, -73.96862), (40.75622, -73.96779), (40.75615, -73.96761), (40.75551, -73.96806), (40.75488, -73.96852), (40.75378, -73.96932), (40.7526, -73.97017), (40.75033, -73.97184), (40.74982, -73.9722), (40.74935, -73.97107), (40.74919, -73.97069), (40.7489, -73.97002), (40.74884, -73.97001), (40.74865, -73.96958), (40.74838, -73.96895), (40.74826, -73.96867), (40.74821, -73.96858), (40.74816, -73.96853), (40.74805, -73.96848), (40.748, -73.96849), (40.74793, -73.96852), (40.74778, -73.9686), (40.74752, -73.96879), (40.74695, -73.96923), (40.74678, -73.9694), (40.74623, -73.96996), (40.74584, -73.97037), (40.74531, -73.97083), (40.7449, -73.97114), (40.74478, -73.97123), (40.74457, -73.97131), (40.74388, -73.97168), (40.74331, -73.97204), (40.74321, -73.97214), (40.74316, -73.97222), (40.74313, -73.97228), (40.74279, -73.97244), (40.74231, -73.97264), (40.74177, -73.97279), (40.74097, -73.97292), (40.74089, -73.97286), (40.74073, -73.9729), (40.7406, -73.97292), (40.74006, -73.97304), (40.73964, -73.97313), (40.73922, -73.97328), (40.7389, -73.97344), (40.73853, -73.97367), (40.73762, -73.97433), (40.73719, -73.97465), (40.73695, -73.9748), (40.7368, -73.97488), (40.73656, -73.97497), (40.73625, -73.97505), (40.73602, -73.97506), (40.73568, -73.97504), (40.73259, -73.97426), (40.73193, -73.97409), (40.73159, -73.97398), (40.73129, -73.97384), (40.73107, -73.97369), (40.73085, -73.97349), (40.73059, -73.9732), (40.73023, -73.97276), (40.73001, -73.97249), (40.7297, -73.97221), (40.72933, -73.97197), (40.72901, -73.97185), (40.72869, -73.97178), (40.72848, -73.97177), (40.72794, -73.97183), (40.72686, -73.97198), (40.72638, -73.97212), (40.72603, -73.97227), (40.72564, -73.97248), (40.72507, -73.97282), (40.72289, -73.9742), (40.72249, -73.97441), (40.72217, -73.97453), (40.72185, -73.97462), (40.72131, -73.97469), (40.7196, -73.9749), (40.71887, -73.97499), (40.71835, -73.97507), (40.71787, -73.97518), (40.71727, -73.97537), (40.71662, -73.97563), (40.71611, -73.9759), (40.71554, -73.97619), (40.71426, -73.97685), (40.71284, -73.97759), (40.71234, -73.97786), (40.71194, -73.97818), (40.71161, -73.97859), (40.71145, -73.97883), (40.71127, -73.97919), (40.71113, -73.97954), (40.71106, -73.97976), (40.71095, -73.98029), (40.71085, -73.9816), (40.71077, -73.9827), (40.71063, -73.98468), (40.71026, -73.98786), (40.71007, -73.98949), (40.70966, -73.99234), (40.70947, -73.99356), (40.70922, -73.99551), (40.709, -73.99714), (40.70889, -73.99773), (40.70878, -73.99815), (40.70867, -73.99848), (40.70862, -73.99859), (40.70857, -73.99862), (40.70849, -73.9988), (40.7083, -73.99922), (40.70769, -74.00033), (40.70733, -74.00104), (40.7072, -74.00134), (40.70689, -74.00187), (40.70622, -74.00306), (40.70592, -74.00353), (40.70513, -74.00477), (40.704, -74.00651), (40.70265, -74.00872), (40.70231, -74.00925), (40.70211, -74.00961), (40.70193, -74.01013), (40.70152, -74.01197), (40.70131, -74.0129), (40.70127, -74.0132), (40.70125, -74.01359), (40.70126, -74.01387), (40.70132, -74.01429), (40.70137, -74.01452), (40.70154, -74.01495), (40.70165, -74.01515), (40.7018, -74.01536), (40.7019, -74.01548), (40.70216, -74.0157), (40.70231, -74.01581), (40.70244, -74.01589), (40.70282, -74.01605), (40.70408, -74.01651), (40.70425, -74.01656), (40.70442, -74.01659), (40.70488, -74.0166), (40.70504, -74.01659), (40.70588, -74.01628), (40.70653, -74.01605), (40.70656, -74.01599), (40.70667, -74.01596), (40.70699, -74.01583), (40.70707, -74.0158), (40.70708, -74.01577), (40.70709, -74.01572), (40.70711, -74.01562), (40.70709, -74.01544), (40.70702, -74.01528), (40.70693, -74.01516), (40.7068, -74.01506), (40.70666, -74.015), (40.70649, -74.01498), (40.70627, -74.015), (40.7061, -74.01505), (40.70591, -74.01512), (40.70578, -74.01515), (40.70567, -74.01513), (40.70472, -74.01549), (40.70446, -74.01556), (40.70394, -74.01572), (40.70355, -74.0158), (40.70319, -74.01585), (40.70317, -74.01585), (40.70249, -74.01587), (40.70241, -74.01587), (40.70193, -74.01587), (40.70157, -74.01582), (40.70129, -74.01574), (40.70105, -74.01567), (40.70038, -74.01543), (40.69963, -74.01503), (40.69894, -74.01466), (40.69832, -74.01442), (40.69652, -74.01375), (40.69514, -74.01324), (40.6934, -74.01262), (40.69175, -74.01197), (40.69118, -74.01165), (40.69069, -74.01138), (40.69005, -74.01094), (40.68959, -74.01063), (40.68942, -74.01047), (40.68868, -74.00975), (40.68738, -74.00895), (40.68694, -74.00858), (40.68603, -74.00781), (40.68589, -74.00769), (40.68486, -74.00707), (40.68466, -74.00695), (40.68403, -74.00661), (40.68375, -74.00651), (40.68355, -74.00644), (40.68316, -74.0063), (40.6826, -74.0062), (40.68243, -74.00611), (40.68209, -74.00595), (40.68166, -74.00569), (40.68149, -74.00559), (40.68085, -74.00508), (40.67977, -74.00413), (40.67884, -74.00331), (40.67853, -74.00305), (40.67791, -74.00258), (40.67752, -74.00231), (40.67694, -74.00194), (40.67623, -74.00146), (40.67577, -74.00116), (40.67545, -74.00098), (40.6753, -74.00096), (40.67514, -74.00086), (40.67479, -74.00063), (40.67452, -74.00044), (40.67369, -73.99992), (40.672, -73.99886), (40.66941, -73.99727), (40.66845, -73.99666), (40.66812, -73.99648), (40.66761, -73.99629), (40.6674, -73.99623), (40.66717, -73.99619), (40.66686, -73.99616), (40.66658, -73.99616), (40.6662, -73.9962), (40.66592, -73.99627), (40.6656, -73.99638), (40.66543, -73.99646), (40.66505, -73.9967), (40.6648, -73.99692), (40.66459, -73.99712), (40.66415, -73.99759), (40.66356, -73.99821), (40.66257, -73.99923), (40.66026, -74.00164), (40.65745, -74.00456), (40.65498, -74.00713), (40.65473, -74.00739), (40.65433, -74.00781), (40.65432, -74.00791), (40.65425, -74.00805), (40.65422, -74.00815), (40.65421, -74.00832), (40.65422, -74.00841), (40.65461, -74.00906), (40.65519, -74.01002), (40.65541, -74.0104), (40.65529, -74.01051), (40.65519, -74.01035), (40.65508, -74.01016), (40.65459, -74.00934), (40.65414, -74.00861), (40.65353, -74.00765), (40.6532, -74.00709), (40.65202, -74.00515), (40.65132, -74.00397)]"
201301003,F7F40C52C1191D69DADEFCC314A8DA72,2013-01-01 0:02:00,2013-01-01 0:09:00,1,-73.99395,40.756634,-73.999084,40.740143,9,1.4,"[(40.75664, -73.99396), (40.75592, -73.99448), (40.75569, -73.99465), (40.75566, -73.99466), (40.75475, -73.99532), (40.75407, -73.99584), (40.75225, -73.99715), (40.75152, -73.99772), (40.75133, -73.99786), (40.75042, -73.99851), (40.74916, -73.99945), (40.74875, -73.99974), (40.74785, -74.00041), (40.74769, -74.0005), (40.74718, -74.00088), (40.74651, -74.00137), (40.74515, -74.00236), (40.74375, -74.00338), (40.74301, -74.00392), (40.74263, -74.00422), (40.74231, -74.00443), (40.74193, -74.00355), (40.7413, -74.0021), (40.74108, -74.00154), (40.74008, -73.99913)]"
201301004,2D5503BFA22EB258CAB62F31F8F98C87,2013-01-01 0:03:00,2013-01-01 0:08:00,1,-73.959091,40.780426,-73.940224,40.806355,12,2.2,"[(40.78044, -73.95912), (40.78086, -73.9588), (40.78077, -73.9586), (40.78051, -73.95798), (40.78023, -73.9573), (40.78015, -73.95711), (40.78032, -73.95697), (40.78083, -73.9566), (40.78144, -73.95614), (40.78333, -73.95478), (40.7841, -73.9542), (40.78536, -73.95328), (40.78583, -73.95294), (40.7861, -73.95357), (40.78656, -73.95466), (40.7879, -73.95368), (40.78995, -73.95216), (40.79365, -73.94949), (40.79464, -73.94875), (40.79554, -73.94809), (40.7968, -73.94717), (40.79805, -73.94628), (40.79966, -73.9451), (40.80059, -73.94442), (40.80092, -73.94417), (40.80193, -73.94345), (40.80219, -73.94324), (40.80255, -73.943), (40.80268, -73.9429), (40.80328, -73.94247), (40.80507, -73.94116), (40.80634, -73.9402)]"
201301005,9A807F33A9B6BEF955956159ADADCC22,2013-01-01 0:04:00,2013-01-01 0:16:00,1,-74.005882,40.736137,-73.992706,40.723892,11,1.3,"[(40.73614, -74.0059), (40.73656, -74.00583), (40.73668, -74.00576), (40.73679, -74.00565), (40.7369, -74.00553), (40.7368, -74.00544), (40.7367, -74.00535), (40.73658, -74.0053), (40.73598, -74.00514), (40.73473, -74.00477), (40.73438, -74.00467), (40.73376, -74.00447), (40.73324, -74.00415), (40.73207, -74.00349), (40.72999, -74.00227), (40.72965, -74.0021), (40.7296, -74.00205), (40.72919, -74.00119), (40.72799, -74.0022), (40.72762, -74.00144), (40.72689, -73.99997), (40.72549, -73.99713), (40.72542, -73.99691), (40.7252, -73.99604), (40.72509, -73.99556), (40.72502, -73.99537), (40.72499, -73.99525), (40.72485, -73.99482), (40.72464, -73.99422), (40.72432, -73.99335), (40.72413, -73.9928), (40.7241, -73.99271), (40.72392, -73.99278), (40.72391, -73.99278)]"
201301006,E661B8FDCFC87DBFC9BB6C5F9D393F69,2013-01-01 0:05:00,2013-01-01 0:13:00,1,-73.979202,40.727825,-73.971939,40.749805,9,2.0,"[(40.72783, -73.97921), (40.72875, -73.97853), (40.72943, -73.97802), (40.72923, -73.97754), (40.729, -73.97701), (40.72867, -73.97618), (40.72855, -73.97589), (40.72845, -73.97569), (40.72856, -73.97561), (40.72914, -73.97519), (40.73005, -73.97453), (40.73047, -73.97422), (40.73058, -73.97408), (40.73075, -73.97398), (40.73096, -73.97392), (40.73115, -73.97398), (40.73258, -73.97435), (40.7328, -73.97442), (40.73308, -73.97448), (40.73495, -73.97495), (40.73511, -73.97491), (40.73522, -73.97487), (40.73539, -73.97478), (40.73548, -73.97477), (40.7356, -73.97479), (40.73584, -73.97481), (40.73617, -73.97479), (40.73652, -73.97471), (40.73686, -73.97455), (40.73701, -73.97446), (40.7373, -73.97424), (40.73791, -73.97379), (40.73799, -73.97377), (40.73873, -73.97324), (40.739, -73.97307), (40.73912, -73.97306), (40.73933, -73.973), (40.73947, -73.97295), (40.73955, -73.97293), (40.73962, -73.97299), (40.73986, -73.9729), (40.74022, -73.97278), (40.74078, -73.97263), (40.74135, -73.97252), (40.74244, -73.97229), (40.74286, -73.97215), (40.74318, -73.972), (40.74348, -73.97182), (40.74407, -73.97144), (40.74427, -73.9713), (40.74436, -73.97124), (40.74439, -73.97114), (40.7444, -73.97114), (40.7447, -73.97088), (40.74485, -73.97077), (40.74515, -73.97054), (40.74636, -73.96948), (40.74786, -73.96822), (40.74799, -73.96818), (40.7481, -73.96821), (40.74817, -73.96825), (40.74823, -73.96833), (40.74854, -73.96908), (40.74891, -73.96993), (40.7489, -73.97002), (40.74919, -73.97069), (40.74935, -73.97107), (40.74974, -73.97199)]"
201301007,39EE606D64DBF47084D6A4FF34F3E5E3,2013-01-01 0:06:00,2013-01-01 0:14:00,3,-73.973831,40.760452,-73.987648,40.74979,10,1.5,"[(40.76041, -73.97386), (40.75973, -73.97226), (40.75732, -73.974), (40.7566, -73.97454), (40.75567, -73.97522), (40.75467, -73.97596), (40.75434, -73.97619), (40.75429, -73.97627), (40.75438, -73.97653), (40.75439, -73.97666), (40.75436, -73.97678), (40.75264, -73.97804), (40.75255, -73.97803), (40.75249, -73.97798), (40.75232, -73.97763), (40.75229, -73.9776), (40.75226, -73.97761), (40.75163, -73.97807), (40.75086, -73.97865), (40.75078, -73.97874), (40.75061, -73.9789), (40.74994, -73.97938), (40.74899, -73.98008), (40.74779, -73.98096), (40.74712, -73.98144), (40.74755, -73.98242), (40.74814, -73.98381), (40.74888, -73.98558), (40.74971, -73.98751), (40.74977, -73.98766)]"
201301008,B4A5FB8FDDC10749450C3D1EA6CE9277,2013-01-01 0:07:00,2013-01-01 0:15:00,2,-73.970963,40.758411,-73.980934,40.770096,10,1.4,"[(40.75842, -73.97098), (40.75839, -73.971), (40.75844, -73.97111), (40.75874, -73.97182), (40.75892, -73.97223), (40.75918, -73.97288), (40.75939, -73.97339), (40.75974, -73.97421), (40.76037, -73.97376), (40.76117, -73.97319), (40.76231, -73.97238), (40.7636, -73.97143), (40.76422, -73.97097), (40.76429, -73.9711), (40.76489, -73.9725), (40.76507, -73.97284), (40.76511, -73.97297), (40.76511, -73.97314), (40.76509, -73.97321), (40.76505, -73.97329), (40.76495, -73.97339), (40.76468, -73.97358), (40.7646, -73.97363), (40.76465, -73.97375), (40.76543, -73.97559), (40.76548, -73.97565), (40.76567, -73.97607), (40.76607, -73.97703), (40.76654, -73.97813), (40.76732, -73.98001), (40.76785, -73.98125), (40.76806, -73.9814), (40.76808, -73.9814), (40.76817, -73.98141), (40.7683, -73.9815), (40.76836, -73.98158), (40.76851, -73.98158), (40.76863, -73.98153), (40.7688, -73.9814), (40.7693, -73.98105), (40.76982, -73.98066), (40.76992, -73.98056), (40.77008, -73.98095)]"
201301009,DEF3F77B2D5B1FE8FBDBAAC7CE8B4AC9,2013-01-01 0:08:00,2013-01-01 0:12:00,1,-73.925438,40.706356,-73.926353,40.701107,4,0.5,"[(40.70633, -73.92541), (40.70594, -73.92585), (40.7057, -73.92614), (40.70566, -73.92606), (40.7053, -73.92542), (40.70515, -73.92515), (40.70487, -73.92467), (40.70483, -73.9246), (40.70425, -73.92516), (40.70306, -73.92631), (40.70234, -73.92702), (40.70176, -73.92759), (40.70108, -73.92638)]"
201301010,DD77462F710A8422651F2390198665B0,2013-01-01 0:15:00,2013-01-01 0:18:00,3,-74.008728,40.719181,-74.006409,40.733028,5,1.0,"[(40.71918, -74.00872), (40.72127, -74.00836), (40.72201, -74.00827), (40.72289, -74.00813), (40.72354, -74.00802), (40.72378, -74.00795), (40.72389, -74.00791), (40.72434, -74.00781), (40.72511, -74.00768), (40.72549, -74.00761), (40.72561, -74.00758), (40.72663, -74.0074), (40.72811, -74.00719), (40.72894, -74.00706), (40.73004, -74.00687), (40.73156, -74.00663), (40.73243, -74.00648), (40.73303, -74.00643)]"
201301011,6BB0AE3EB5C9AECD6DFEE26961AD74E1,2013-01-01 0:15:00,2013-01-01 0:38:00,1,-73.979195,40.776848,-73.989494,40.730202,24,4.2,"[(40.77686, -73.97923), (40.77402, -73.9813), (40.77317, -73.98191), (40.77299, -73.98205), (40.77268, -73.98129), (40.77232, -73.98044), (40.77173, -73.97903), (40.77171, -73.97894), (40.7717, -73.97878), (40.77171, -73.97865), (40.7718, -73.97814), (40.77179, -73.97796), (40.77173, -73.97774), (40.77163, -73.97754), (40.77155, -73.97742), (40.77135, -73.97711), (40.77086, -73.97626), (40.77031, -73.97535), (40.76958, -73.97426), (40.76932, -73.97376), (40.7692, -73.97348), (40.7691, -73.97314), (40.76896, -73.97265), (40.76889, -73.97248), (40.76878, -73.97207), (40.76866, -73.97164), (40.7685, -73.97126), (40.76818, -73.97062), (40.76777, -73.96965), (40.76689, -73.96758), (40.76651, -73.96668), (40.76598, -73.96544), (40.76525, -73.96598), (40.76455, -73.96651), (40.7636, -73.96718), (40.76273, -73.96781), (40.76161, -73.96864), (40.76108, -73.96902), (40.75965, -73.97009), (40.75864, -73.97082), (40.75758, -73.9716), (40.75651, -73.97238), (40.75546, -73.97315), (40.75526, -73.97327), (40.75433, -73.97395), (40.75402, -73.97419), (40.75337, -73.97465), (40.75259, -73.97521), (40.75188, -73.97574), (40.74993, -73.97715), (40.74619, -73.97988), (40.74513, -73.98066), (40.74295, -73.98223), (40.7408, -73.98382), (40.74017, -73.98426), (40.73951, -73.98474), (40.73885, -73.98523), (40.73817, -73.98363), (40.73697, -73.98452), (40.73579, -73.98538), (40.735, -73.98596), (40.73463, -73.98621), (40.73261, -73.98768), (40.73132, -73.98862), (40.73018, -73.98944)]"
201301012,DA2CB8B7E1244CC63CC529D3D861588D,2013-01-01 0:18:00,2013-01-01 0:23:00,1,-73.962952,40.758438,-73.95118,40.778549,8,1.7,"[(40.7584, -73.96287), (40.76117, -73.96084), (40.76337, -73.95924), (40.76525, -73.95787), (40.76561, -73.95762), (40.76575, -73.95751), (40.7665, -73.95696), (40.76849, -73.95551), (40.76962, -73.95469), (40.77039, -73.95412), (40.77102, -73.95364), (40.77134, -73.95342), (40.77203, -73.95293), (40.77237, -73.95266), (40.77318, -73.95207), (40.77466, -73.95099), (40.77587, -73.95009), (40.77661, -73.94956), (40.77729, -73.94907), (40.77756, -73.94888), (40.77791, -73.94971), (40.77853, -73.95119)]"
201301013,1102DFAC80502A90E83E63834DCFE020,2013-01-01 0:20:00,2013-01-01 0:28:00,3,-73.952499,40.744637,-73.924423,40.742905,10,1.6,"[(40.74463, -73.9525), (40.74435, -73.95106), (40.74423, -73.95043), (40.74406, -73.94963), (40.74443, -73.94894), (40.74463, -73.94852), (40.74536, -73.94671), (40.74577, -73.94565), (40.74639, -73.94409), (40.74668, -73.94335), (40.74674, -73.9432), (40.74647, -73.94301), (40.74639, -73.94291), (40.74635, -73.94275), (40.74611, -73.94157), (40.74583, -73.94034), (40.74556, -73.93911), (40.7453, -73.93793), (40.74524, -73.9377), (40.74518, -73.93729), (40.74508, -73.93645), (40.74487, -73.9346), (40.74477, -73.9338), (40.74471, -73.93348), (40.74463, -73.93288), (40.74463, -73.93264), (40.74409, -73.928), (40.74377, -73.92522), (40.74366, -73.9243), (40.74361, -73.9243), (40.74348, -73.92433), (40.74291, -73.92445)]"
201301014,4C0D0C6662D6B60682E8A76D9CE82904,2013-01-01 0:24:00,2013-01-01 0:43:00,2,-74.010277,40.719063,-73.953056,40.767708,21,7.9,"[(40.71907, -74.01031), (40.71822, -74.01046), (40.71752, -74.01063), (40.71688, -74.01079), (40.71629, -74.01094), (40.71649, -74.01137), (40.71672, -74.01187), (40.71703, -74.01256), (40.71725, -74.01304), (40.71616, -74.01332), (40.71491, -74.01363), (40.71442, -74.01374), (40.71408, -74.01384), (40.71326, -74.0141), (40.71285, -74.01425), (40.71259, -74.01432), (40.71115, -74.01467), (40.7106, -74.01482), (40.71035, -74.01488), (40.70925, -74.01523), (40.7078, -74.01576), (40.70675, -74.01618), (40.70646, -74.01628), (40.70641, -74.01626), (40.70633, -74.01625), (40.70628, -74.01625), (40.70575, -74.01643), (40.7051, -74.01667), (40.70492, -74.0167), (40.70461, -74.01669), (40.70426, -74.01666), (40.70396, -74.01658), (40.70272, -74.0162), (40.7023, -74.01601), (40.70215, -74.01591), (40.70201, -74.01581), (40.70188, -74.01569), (40.70167, -74.01545), (40.70151, -74.01523), (40.70135, -74.01491), (40.70125, -74.01464), (40.70118, -74.01438), (40.70113, -74.01408), (40.70113, -74.01367), (40.70119, -74.01313), (40.70144, -74.01195), (40.70177, -74.01053), (40.70193, -74.00987), (40.70208, -74.0095), (40.70231, -74.00907), (40.70298, -74.00797), (40.70321, -74.00758), (40.70346, -74.00717), (40.70382, -74.00659), (40.70513, -74.00456), (40.70615, -74.00296), (40.70671, -74.00198), (40.7074, -74.00071), (40.70769, -74.00011), (40.70799, -73.99956), (40.70827, -73.99909), (40.7086, -73.99841), (40.70872, -73.99807), (40.70882, -73.99769), (40.70896, -73.9969), (40.70921, -73.99506), (40.70929, -73.99445), (40.70927, -73.99438), (40.70931, -73.99411), (40.70938, -73.9935), (40.70957, -73.99221), (40.70975, -73.99099), (40.70992, -73.98987), (40.71011, -73.9883), (40.71053, -73.98467), (40.71067, -73.98275), (40.71074, -73.98172), (40.71076, -73.98139), (40.71082, -73.98052), (40.71087, -73.98018), (40.71092, -73.9799), (40.71105, -73.97945), (40.71128, -73.97892), (40.71148, -73.97856), (40.71181, -73.97816), (40.71194, -73.97802), (40.71223, -73.97778), (40.71251, -73.97761), (40.71378, -73.97695), (40.71482, -73.97643), (40.71523, -73.97622), (40.71665, -73.9755), (40.71736, -73.97522), (40.71778, -73.97509), (40.71861, -73.97491), (40.72023, -73.97471), (40.72101, -73.97461), (40.72152, -73.97453), (40.72184, -73.97448), (40.72225, -73.97437), (40.72263, -73.9742), (40.72328, -73.9738), (40.72469, -73.97292), (40.72551, -73.97241), (40.72594, -73.97218), (40.72628, -73.97202), (40.7267, -73.97189), (40.72743, -73.97177), (40.72798, -73.97169), (40.72834, -73.97164), (40.72862, -73.97164), (40.72895, -73.97169), (40.72917, -73.97176), (40.7294, -73.97186), (40.72968, -73.97204), (40.72999, -73.97231), (40.73071, -73.97316), (40.73095, -73.97341), (40.73132, -73.97369), (40.73169, -73.97387), (40.73179, -73.97391), (40.73214, -73.97401), (40.73278, -73.97417), (40.73474, -73.97466), (40.73554, -73.97487), (40.7358, -73.97491), (40.73602, -73.97492), (40.73626, -73.97489), (40.73647, -73.97485), (40.73669, -73.97478), (40.73701, -73.97462), (40.73792, -73.97396), (40.73873, -73.97338), (40.73902, -73.97322), (40.73939, -73.97306), (40.74022, -73.97278), (40.74078, -73.97263), (40.74196, -73.9724), (40.74244, -73.97229), (40.74286, -73.97215), (40.74318, -73.972), (40.74348, -73.97182), (40.74459, -73.97109), (40.74505, -73.97076), (40.74542, -73.97045), (40.74601, -73.96988), (40.74667, -73.96917), (40.74715, -73.96873), (40.74816, -73.96789), (40.7498, -73.96652), (40.7509, -73.9656), (40.75192, -73.96468), (40.75219, -73.96442), (40.75293, -73.96373), (40.75337, -73.96336), (40.75379, -73.96304), (40.75407, -73.9628), (40.75461, -73.96232), (40.7549, -73.96206), (40.75508, -73.96186), (40.75529, -73.96159), (40.75579, -73.96092), (40.75596, -73.96074), (40.7564, -73.9604), (40.75755, -73.95947), (40.7581, -73.95901), (40.75849, -73.95871), (40.75905, -73.95829), (40.75914, -73.95822), (40.75925, -73.95822), (40.7595, -73.95821), (40.75962, -73.95819), (40.75968, -73.95826), (40.75985, -73.95865), (40.75992, -73.95883), (40.76051, -73.9584), (40.76089, -73.95812), (40.76119, -73.95789), (40.7618, -73.95746), (40.76367, -73.95608), (40.76555, -73.95469), (40.76774, -73.95312)]"
201301015,4162621AC1829E9675EED8B3E2B4C464,2013-01-01 0:24:00,2013-01-01 0:41:00,1,-73.981789,40.770836,-73.993813,40.756908,9,1.3,"[(40.77083, -73.98203), (40.77134, -73.98204), (40.77144, -73.98227), (40.77173, -73.98296), (40.77148, -73.98315), (40.77112, -73.98342), (40.77059, -73.98378), (40.77006, -73.98417), (40.7693, -73.98472), (40.76861, -73.98522), (40.76775, -73.98584), (40.76662, -73.98665), (40.76537, -73.98758), (40.76388, -73.98869), (40.76123, -73.99062), (40.76068, -73.99102), (40.75993, -73.99154), (40.7596, -73.9918), (40.75927, -73.99203), (40.75845, -73.99264), (40.75715, -73.99358), (40.75689, -73.99378)]"
201301016,5FD4A6B436AF581E77060F87694A56E8,2013-01-01 0:29:00,2013-01-01 0:53:00,1,-73.976524,40.790771,-73.987823,40.73534,26,6.3,"[(40.79076, -73.97649), (40.79208, -73.97555), (40.79301, -73.97486), (40.79397, -73.97418), (40.79507, -73.97337), (40.79527, -73.97322), (40.79536, -73.97344), (40.79595, -73.97484), (40.79615, -73.9753), (40.79631, -73.97552), (40.79645, -73.97562), (40.79653, -73.97564), (40.79667, -73.97566), (40.79687, -73.97564), (40.79701, -73.97561), (40.79715, -73.97567), (40.79739, -73.97557), (40.79748, -73.97543), (40.79799, -73.97511), (40.79844, -73.97479), (40.7986, -73.97472), (40.79872, -73.9747), (40.79882, -73.97471), (40.79889, -73.97474), (40.79898, -73.97481), (40.79905, -73.97494), (40.79911, -73.97514), (40.79912, -73.97529), (40.79909, -73.97542), (40.79905, -73.97553), (40.79896, -73.97566), (40.79888, -73.97573), (40.79877, -73.9758), (40.79832, -73.97585), (40.79786, -73.97587), (40.79764, -73.9759), (40.79704, -73.97609), (40.79698, -73.97604), (40.79684, -73.97612), (40.79645, -73.97637), (40.79616, -73.97661), (40.7956, -73.97718), (40.7946, -73.97833), (40.79389, -73.97912), (40.79344, -73.97956), (40.79308, -73.97988), (40.79225, -73.98055), (40.7916, -73.98103), (40.79051, -73.98174), (40.78992, -73.98208), (40.78946, -73.98231), (40.78845, -73.98277), (40.78724, -73.98322), (40.78662, -73.98347), (40.78631, -73.98361), (40.78592, -73.98383), (40.78485, -73.98456), (40.78409, -73.9851), (40.78204, -73.98659), (40.78173, -73.98682), (40.78154, -73.98699), (40.78076, -73.98777), (40.78047, -73.98804), (40.77975, -73.98858), (40.77771, -73.99006), (40.77688, -73.99066), (40.77498, -73.99205), (40.7732, -73.99332), (40.77221, -73.99405), (40.77175, -73.99437), (40.7716, -73.99445), (40.77147, -73.9945), (40.77112, -73.99461), (40.77093, -73.99464), (40.77019, -73.99474), (40.7699, -73.9948), (40.76942, -73.99501), (40.7688, -73.99546), (40.76728, -73.99657), (40.76599, -73.9975), (40.76385, -73.99906), (40.76368, -73.99919), (40.76354, -73.99934), (40.76327, -73.99964), (40.76306, -73.99991), (40.76276, -74.00037), (40.76264, -74.00052), (40.76234, -74.00097), (40.76216, -74.00121), (40.762, -74.0014), (40.76174, -74.00163), (40.76078, -74.00234), (40.75912, -74.00354), (40.75518, -74.0064), (40.7544, -74.00698), (40.75409, -74.00716), (40.75374, -74.0073), (40.75164, -74.00809), (40.75086, -74.00838), (40.75055, -74.00847), (40.75023, -74.00849), (40.74997, -74.00847), (40.7498, -74.00842), (40.7495, -74.00829), (40.74936, -74.0082), (40.74919, -74.00811), (40.74902, -74.00801), (40.74862, -74.00785), (40.74837, -74.00782), (40.74818, -74.00782), (40.74785, -74.00787), (40.74617, -74.00819), (40.74552, -74.00831), (40.74539, -74.00814), (40.74504, -74.00731), (40.74486, -74.0069), (40.74472, -74.00656), (40.74402, -74.00489), (40.74347, -74.00358), (40.74088, -73.99744), (40.74041, -73.99633), (40.73972, -73.99472), (40.7391, -73.99324), (40.73849, -73.99181), (40.73837, -73.99149), (40.73733, -73.989), (40.73718, -73.98865), (40.73687, -73.98887), (40.73649, -73.98913), (40.73607, -73.98945), (40.736, -73.9895), (40.73596, -73.9894), (40.73532, -73.98782)]"
201301017,73F7333AB5B05308D5019662486C77C6,2013-01-01 0:29:00,2013-01-01 0:50:00,6,-73.962273,40.656822,-74.034935,40.635597,19,6.4,"[(40.65682, -73.96226), (40.65508, -73.96199), (40.6549, -73.96196), (40.65487, -73.96204), (40.65444, -73.96315), (40.6533, -73.96602), (40.65201, -73.96933), (40.65123, -73.97134), (40.6512, -73.97153), (40.65122, -73.97168), (40.65127, -73.97182), (40.65136, -73.972), (40.65139, -73.97211), (40.65139, -73.97221), (40.65136, -73.97239), (40.65128, -73.97258), (40.65122, -73.97263), (40.65114, -73.97267), (40.65111, -73.97268), (40.65107, -73.97276), (40.65101, -73.97293), (40.65084, -73.97336), (40.65034, -73.97461), (40.6501, -73.97524), (40.65009, -73.97532), (40.6501, -73.9754), (40.65014, -73.97548), (40.65052, -73.9757), (40.6513, -73.97614), (40.65174, -73.97642), (40.65192, -73.97652), (40.652, -73.97667), (40.65218, -73.97677), (40.65267, -73.97704), (40.65331, -73.9774), (40.65361, -73.97759), (40.65392, -73.97784), (40.65421, -73.97811), (40.65462, -73.97853), (40.65488, -73.97885), (40.65519, -73.97931), (40.6558, -73.98031), (40.65813, -73.98416), (40.65898, -73.98559), (40.65928, -73.98603), (40.65943, -73.98623), (40.6599, -73.98675), (40.66008, -73.98692), (40.6606, -73.98732), (40.66116, -73.98772), (40.66232, -73.98855), (40.66279, -73.98896), (40.66307, -73.98925), (40.66341, -73.98967), (40.6639, -73.99042), (40.66417, -73.99087), (40.66439, -73.99124), (40.6645, -73.99129), (40.66455, -73.99135), (40.66469, -73.99156), (40.66486, -73.99185), (40.66507, -73.99219), (40.6653, -73.99246), (40.66547, -73.99274), (40.66646, -73.99438), (40.66671, -73.99473), (40.66689, -73.9949), (40.66708, -73.99504), (40.66704, -73.99517), (40.66697, -73.99549), (40.66691, -73.99569), (40.66684, -73.99582), (40.66671, -73.99596), (40.66666, -73.99599), (40.66654, -73.99602), (40.66604, -73.99611), (40.66552, -73.99633), (40.66543, -73.99646), (40.66519, -73.9966), (40.66505, -73.9967), (40.6648, -73.99692), (40.66442, -73.9973), (40.66381, -73.99793), (40.66275, -73.99904), (40.6619, -73.99994), (40.65917, -74.00277), (40.65599, -74.00607), (40.65266, -74.00955), (40.65103, -74.01124), (40.64998, -74.01233), (40.64853, -74.01385), (40.6484, -74.014), (40.64834, -74.01399), (40.64833, -74.01399), (40.648, -74.01432), (40.64653, -74.01586), (40.64481, -74.01764), (40.64212, -74.02045), (40.64157, -74.02105), (40.64116, -74.02159), (40.64085, -74.02204), (40.64069, -74.0223), (40.64054, -74.02258), (40.64042, -74.02283), (40.64027, -74.02323), (40.64014, -74.02367), (40.64005, -74.02415), (40.64, -74.02465), (40.64, -74.02522), (40.64005, -74.02573), (40.64015, -74.02626), (40.64034, -74.02686), (40.6407, -74.0277), (40.64093, -74.02817), (40.6412, -74.02882), (40.64142, -74.02949), (40.64152, -74.0299), (40.64162, -74.03044), (40.64169, -74.03054), (40.64173, -74.03075), (40.64179, -74.0309), (40.64187, -74.03102), (40.64192, -74.03106), (40.64201, -74.03109), (40.64209, -74.03108), (40.64217, -74.03105), (40.64225, -74.03097), (40.64231, -74.03086), (40.64234, -74.03071), (40.64231, -74.03053), (40.64223, -74.03035), (40.64202, -74.03008), (40.64147, -74.02961), (40.64135, -74.0295), (40.64126, -74.02941), (40.64096, -74.02904), (40.6409, -74.02899), (40.64059, -74.02839), (40.64053, -74.02834), (40.64006, -74.02763), (40.63975, -74.02717), (40.63955, -74.02687), (40.63939, -74.02703), (40.63882, -74.02763), (40.63937, -74.02942), (40.63964, -74.03036), (40.63959, -74.03037), (40.63901, -74.03061), (40.63828, -74.03091), (40.63839, -74.03126), (40.63908, -74.03348), (40.63909, -74.03355), (40.63858, -74.03376), (40.63776, -74.0341), (40.63657, -74.03458), (40.63561, -74.03498)]"
201301018,2B81358588289266037B22C2B5EBD762,2013-01-01 0:30:00,2013-01-01 0:36:00,1,-73.988472,40.734592,-73.97924,40.750816,11,1.5,"[(40.7347, -73.98839), (40.7351, -73.98931), (40.73533, -73.98986), (40.7359, -73.98944), (40.73603, -73.98934), (40.73648, -73.98899), (40.73747, -73.98829), (40.73889, -73.98726), (40.74129, -73.9855), (40.74292, -73.98431), (40.7433, -73.98403), (40.74453, -73.98312), (40.74515, -73.98268), (40.74559, -73.98371), (40.74587, -73.98435), (40.74844, -73.98247), (40.74982, -73.98148), (40.75057, -73.98093), (40.75124, -73.98045), (40.75154, -73.98024), (40.75104, -73.97907)]"
201301019,5F6578BAAA0EDE2889199AA3285864B0,2013-01-01 0:32:00,2013-01-01 0:37:00,1,-73.950417,40.705627,-73.963531,40.710312,5,0.8,"[(40.70559, -73.95045), (40.70634, -73.95189), (40.70656, -73.95252), (40.70683, -73.95331), (40.7076, -73.95554), (40.70815, -73.95716), (40.70826, -73.95748), (40.70896, -73.95951), (40.70992, -73.96231), (40.71022, -73.96316), (40.71028, -73.96338), (40.71031, -73.96353)]"
201301020,DCE8AA573A5E2C32B029D0446EDB6463,2013-01-01 0:35:00,2013-01-01 0:41:00,1,-73.969521,40.766331,-73.973213,40.755596,6,1.0,"[(40.76629, -73.96943), (40.76672, -73.96913), (40.76669, -73.96908), (40.76643, -73.96845), (40.76608, -73.96763), (40.76536, -73.9659), (40.76475, -73.96637), (40.76376, -73.96706), (40.76318, -73.9675), (40.76286, -73.96773), (40.76223, -73.96819), (40.76109, -73.96902), (40.75917, -73.97043), (40.75698, -73.97204), (40.75554, -73.97309)]"
201301021,3A4EB0557BE14958D30039095CF91CAB,2013-01-01 0:41:00,2013-01-01 0:48:00,5,-73.988884,40.745171,-73.987297,40.728405,11,1.6,"[(40.7453, -73.98874), (40.74486, -73.98772), (40.74474, -73.98741), (40.74469, -73.9873), (40.74437, -73.98753), (40.74407, -73.98775), (40.74359, -73.9881), (40.74283, -73.98864), (40.74243, -73.98893), (40.74215, -73.98895), (40.74206, -73.98895), (40.74176, -73.989), (40.74139, -73.98912), (40.74104, -73.98831), (40.74088, -73.98798), (40.7404, -73.98686), (40.73951, -73.98474), (40.73826, -73.98182), (40.7379, -73.98092), (40.73723, -73.98141), (40.7362, -73.98215), (40.73485, -73.98311), (40.73279, -73.98461), (40.73235, -73.98494), (40.73166, -73.98542), (40.73103, -73.98592), (40.73083, -73.98604), (40.73012, -73.98656), (40.72968, -73.98688), (40.72919, -73.98724), (40.72887, -73.98747), (40.7286, -73.98767), (40.72843, -73.98728)]"
201301022,253508A1EBFC63BF5DFB4361EAE83703,2013-01-01 0:41:00,2013-01-01 0:47:00,3,-73.949677,40.72226,-73.943153,40.706718,9,1.3,"[(40.72227, -73.94969), (40.72218, -73.94989), (40.72212, -73.94984), (40.7213, -73.94888), (40.72004, -73.94869), (40.71878, -73.94847), (40.718, -73.94835), (40.71709, -73.9482), (40.71602, -73.94801), (40.71493, -73.94784), (40.71422, -73.94772), (40.71206, -73.94737), (40.71132, -73.94725), (40.71127, -73.94722), (40.7106, -73.9471), (40.70898, -73.94682), (40.70863, -73.94676), (40.70848, -73.94678), (40.7077, -73.94665), (40.70702, -73.94653), (40.70717, -73.9449), (40.70734, -73.9432), (40.70672, -73.9431)]"
201301023,6BF51028C929D7A1DD4BC10DD50160D5,2013-01-01 0:43:00,2013-01-01 0:57:00,2,-73.889648,40.747093,-73.97525,40.761864,22,7.0,"[(40.74704, -73.88963), (40.74685, -73.8913), (40.74679, -73.89167), (40.74672, -73.89244), (40.74663, -73.89345), (40.74658, -73.89401), (40.74649, -73.89481), (40.74644, -73.89528), (40.74632, -73.89633), (40.74665, -73.89639), (40.74763, -73.89658), (40.74842, -73.89674), (40.74846, -73.89631), (40.74839, -73.89625), (40.7479, -73.89597), (40.74757, -73.89577), (40.74701, -73.8954), (40.747, -73.89533), (40.74681, -73.89523), (40.74661, -73.89512), (40.74601, -73.89482), (40.74571, -73.89474), (40.74549, -73.89471), (40.74527, -73.8947), (40.74495, -73.89474), (40.74455, -73.89487), (40.74439, -73.89494), (40.74398, -73.89522), (40.74362, -73.89557), (40.74293, -73.89641), (40.74272, -73.89662), (40.74257, -73.89681), (40.74231, -73.89713), (40.74205, -73.89745), (40.74099, -73.89875), (40.74078, -73.89902), (40.74033, -73.89956), (40.73975, -73.9003), (40.73958, -73.90056), (40.73933, -73.90102), (40.73913, -73.90141), (40.73898, -73.90178), (40.73847, -73.90319), (40.73802, -73.90438), (40.73741, -73.90575), (40.73699, -73.90676), (40.73681, -73.90731), (40.73665, -73.908), (40.7365, -73.90887), (40.73639, -73.90966), (40.73626, -73.91066), (40.73589, -73.91343), (40.73552, -73.91623), (40.73542, -73.91717), (40.73538, -73.91788), (40.73528, -73.919), (40.73524, -73.91935), (40.73528, -73.91945), (40.73523, -73.92013), (40.73521, -73.92055), (40.73522, -73.92085), (40.73526, -73.92141), (40.73528, -73.92156), (40.73527, -73.92169), (40.73533, -73.92208), (40.73545, -73.923), (40.73554, -73.92354), (40.73561, -73.92399), (40.73581, -73.92473), (40.73608, -73.92565), (40.73625, -73.92648), (40.73632, -73.92686), (40.73628, -73.92702), (40.73631, -73.92717), (40.7364, -73.92767), (40.73646, -73.92798), (40.73653, -73.92835), (40.73669, -73.92917), (40.73706, -73.93111), (40.73722, -73.93223), (40.73743, -73.93352), (40.73765, -73.93472), (40.73783, -73.9357), (40.73789, -73.93624), (40.73797, -73.93694), (40.73814, -73.93796), (40.73827, -73.93851), (40.73852, -73.93934), (40.73872, -73.93987), (40.73921, -73.94105), (40.73979, -73.94243), (40.74055, -73.94424), (40.74081, -73.94509), (40.74101, -73.94597), (40.74148, -73.9484), (40.74165, -73.94933), (40.74169, -73.94973), (40.7417, -73.95009), (40.74167, -73.95047), (40.74148, -73.95183), (40.74147, -73.95232), (40.74151, -73.95283), (40.74155, -73.95368), (40.74155, -73.95443), (40.74155, -73.95467), (40.74158, -73.95538), (40.74189, -73.957), (40.7421, -73.95806), (40.74222, -73.95861), (40.74247, -73.9595), (40.74274, -73.96016), (40.74321, -73.96103), (40.74373, -73.96178), (40.74616, -73.96516), (40.74678, -73.96602), (40.74752, -73.96706), (40.74774, -73.96745), (40.74789, -73.96779), (40.74801, -73.96817), (40.74811, -73.96866), (40.74815, -73.96914), (40.74815, -73.96939), (40.74807, -73.96982), (40.74796, -73.97021), (40.74781, -73.97055), (40.74765, -73.9708), (40.74746, -73.97098), (40.74646, -73.97172), (40.74627, -73.97191), (40.74616, -73.97205), (40.74607, -73.97221), (40.74597, -73.97253), (40.74595, -73.97288), (40.74597, -73.97318), (40.746, -73.97338), (40.74622, -73.97392), (40.74676, -73.97519), (40.74703, -73.97581), (40.74709, -73.9759), (40.74712, -73.97594), (40.74729, -73.97602), (40.74735, -73.97608), (40.74763, -73.97677), (40.74881, -73.9759), (40.7495, -73.97539), (40.75061, -73.97458), (40.75129, -73.97407), (40.75242, -73.97325), (40.75455, -73.97171), (40.75552, -73.97101), (40.75646, -73.97032), (40.75741, -73.96965), (40.7581, -73.96913), (40.75866, -73.96873), (40.75887, -73.96858), (40.75898, -73.9685), (40.75904, -73.96864), (40.75921, -73.96904), (40.75956, -73.96987), (40.76025, -73.97154), (40.76044, -73.97199), (40.76101, -73.97331), (40.76182, -73.97528)]"
201301024,203E09E6F813E6937F1B3A002EF250DB,2013-01-01 0:46:00,2013-01-01 0:58:00,1,-73.977463,40.734108,-73.990173,40.719166,11,2.2,"[(40.73401, -73.97753), (40.73338, -73.97603), (40.73285, -73.97475), (40.7328, -73.97452), (40.73247, -73.97443), (40.73185, -73.97427), (40.73113, -73.97409), (40.731, -73.97405), (40.73096, -73.97392), (40.73093, -73.97382), (40.73091, -73.97378), (40.73085, -73.97371), (40.73072, -73.97359), (40.73054, -73.97336), (40.73027, -73.97298), (40.73003, -73.97263), (40.73001, -73.97249), (40.72985, -73.97234), (40.72949, -73.97206), (40.72909, -73.97188), (40.7288, -73.9718), (40.7286, -73.97177), (40.72832, -73.97178), (40.72706, -73.97195), (40.72655, -73.97206), (40.72623, -73.97218), (40.72583, -73.97238), (40.72552, -73.97255), (40.72473, -73.97303), (40.72412, -73.97342), (40.72319, -73.97401), (40.72259, -73.97436), (40.72228, -73.9745), (40.72195, -73.97459), (40.72164, -73.97466), (40.72086, -73.97475), (40.72069, -73.97487), (40.72046, -73.9749), (40.71975, -73.97499), (40.7191, -73.97506), (40.71898, -73.97509), (40.71898, -73.97521), (40.71905, -73.97563), (40.71923, -73.97651), (40.71939, -73.97726), (40.71943, -73.97739), (40.71981, -73.97826), (40.71998, -73.97868), (40.72045, -73.98019), (40.72193, -73.98509), (40.72214, -73.9858), (40.72229, -73.98627), (40.72218, -73.98634), (40.72186, -73.98651), (40.72034, -73.98728), (40.71936, -73.98779), (40.71904, -73.98796), (40.71862, -73.98817), (40.71866, -73.98832), (40.7189, -73.98908), (40.7191, -73.98974), (40.71922, -73.99013)]"
201301025,826DBD92105633704DA76C7139743B3B,2013-01-01 0:48:00,2013-01-01 0:53:00,2,-73.967583,40.792721,-73.964653,40.802567,6,0.9,"[(40.79274, -73.96764), (40.79245, -73.96785), (40.7922, -73.96804), (40.79229, -73.96825), (40.79263, -73.96908), (40.79298, -73.96991), (40.79338, -73.97086), (40.79406, -73.97036), (40.79487, -73.96977), (40.79725, -73.96804), (40.80006, -73.96599), (40.80166, -73.96487), (40.80232, -73.96436), (40.80238, -73.96431), (40.80253, -73.96468)]"
201301026,FCFFBC6FFBA23178D9C569CAE435020F,2013-01-01 0:51:00,2013-01-01 1:02:00,5,-73.985863,40.735355,-73.967049,40.760666,10,2.0,"[(40.7353, -73.98574), (40.73638, -73.98493), (40.73755, -73.98408), (40.7395, -73.98267), (40.74049, -73.98193), (40.74135, -73.9813), (40.74197, -73.98087), (40.7426, -73.9804), (40.74382, -73.9795), (40.74506, -73.97862), (40.74573, -73.97812), (40.74653, -73.97756), (40.74773, -73.97671), (40.74831, -73.97626), (40.74976, -73.9752), (40.75145, -73.97396), (40.7527, -73.97305), (40.75333, -73.97261), (40.75395, -73.97215), (40.7546, -73.97169), (40.75578, -73.97082), (40.75774, -73.96941), (40.75843, -73.96889), (40.75866, -73.96873), (40.75959, -73.96803), (40.76073, -73.96721)]"
201301027,8A91C18433017E113E3117C202641E5B,2013-01-01 0:59:00,2013-01-01 1:04:00,4,-74.017097,40.705227,-74.011795,40.708454,6,0.7,"[(40.70525, -74.0172), (40.7058, -74.017), (40.70583, -74.0171), (40.70611, -74.01776), (40.70618, -74.01793), (40.7061, -74.01796), (40.70601, -74.01798), (40.70593, -74.018), (40.70576, -74.01801), (40.70556, -74.01797), (40.70538, -74.01789), (40.7052, -74.01776), (40.70505, -74.0176), (40.70496, -74.01745), (40.7049, -74.01729), (40.70483, -74.01692), (40.7048, -74.0167), (40.7048, -74.01641), (40.70484, -74.01583), (40.70482, -74.01552), (40.70477, -74.01514), (40.70474, -74.01499), (40.70483, -74.01495), (40.70505, -74.01487), (40.70596, -74.01447), (40.70627, -74.01432), (40.70631, -74.01427), (40.7064, -74.01407), (40.70652, -74.01389), (40.70675, -74.01366), (40.70717, -74.01337), (40.70879, -74.0123), (40.70905, -74.01211), (40.70886, -74.01165), (40.70881, -74.01154)]"
201301028,AA101633E9BFAEFEA2EBC564F4806817,2013-01-01 1:02:00,2013-01-01 1:29:00,1,-73.971359,40.760246,-74.015205,40.716026,24,7.2,"[(40.76019, -73.9714), (40.76027, -73.9716), (40.76035, -73.97179), (40.75973, -73.97226), (40.7591, -73.97272), (40.75848, -73.97317), (40.75805, -73.97215), (40.75775, -73.97147), (40.75722, -73.97017), (40.75674, -73.96904), (40.7564, -73.9682), (40.75622, -73.96779), (40.75615, -73.96761), (40.75551, -73.96806), (40.75488, -73.96852), (40.75409, -73.96909), (40.75299, -73.96988), (40.7505, -73.97171), (40.74982, -73.9722), (40.74916, -73.9727), (40.74793, -73.97361), (40.74732, -73.97403), (40.74658, -73.97456), (40.74619, -73.97486), (40.74485, -73.97584), (40.74479, -73.97588), (40.74472, -73.97571), (40.74459, -73.97542), (40.74415, -73.97438), (40.74323, -73.97219), (40.74321, -73.97214), (40.74319, -73.97217), (40.74315, -73.97225), (40.74311, -73.9723), (40.74296, -73.97235), (40.74268, -73.97249), (40.74238, -73.97261), (40.74207, -73.97272), (40.74181, -73.97278), (40.74097, -73.97292), (40.74089, -73.97286), (40.74067, -73.97291), (40.74017, -73.97301), (40.73976, -73.9731), (40.73932, -73.97324), (40.73896, -73.9734), (40.73862, -73.97361), (40.73783, -73.97418), (40.73702, -73.97476), (40.73665, -73.97494), (40.73634, -73.97503), (40.73603, -73.97506), (40.73569, -73.97504), (40.73501, -73.97487), (40.7317, -73.97402), (40.73144, -73.97392), (40.73118, -73.97377), (40.73092, -73.97356), (40.73066, -73.97329), (40.73033, -73.97288), (40.72985, -73.97234), (40.72949, -73.97206), (40.72909, -73.97188), (40.7288, -73.9718), (40.7286, -73.97177), (40.72832, -73.97178), (40.72706, -73.97195), (40.72655, -73.97206), (40.72623, -73.97218), (40.72583, -73.97238), (40.72513, -73.97279), (40.72448, -73.9732), (40.72319, -73.97401), (40.72259, -73.97436), (40.72228, -73.9745), (40.72195, -73.97459), (40.72164, -73.97466), (40.72, -73.97485), (40.71905, -73.97497), (40.71839, -73.97507), (40.71792, -73.97517), (40.71735, -73.97534), (40.71682, -73.97555), (40.7162, -73.97585), (40.71564, -73.97614), (40.71434, -73.97681), (40.71298, -73.97751), (40.71259, -73.97771), (40.71224, -73.97792), (40.71194, -73.97818), (40.71176, -73.97839), (40.71161, -73.97859), (40.71144, -73.97885), (40.71117, -73.97943), (40.711, -73.98003), (40.71095, -73.9803), (40.71087, -73.98129), (40.71078, -73.98254), (40.71065, -73.98449), (40.71042, -73.98648), (40.7101, -73.98925), (40.70972, -73.9919), (40.70957, -73.99291), (40.70927, -73.99518), (40.70893, -73.99755), (40.70883, -73.99797), (40.7087, -73.9984), (40.70862, -73.99859), (40.70857, -73.99862), (40.70837, -73.99907), (40.70786, -74.0), (40.70721, -74.00128), (40.70714, -74.00144), (40.70704, -74.00162), (40.7063, -74.00291), (40.70606, -74.00331), (40.7052, -74.00465), (40.70369, -74.00702), (40.70283, -74.00843), (40.70225, -74.00935), (40.70203, -74.00981), (40.70198, -74.00998), (40.7018, -74.01071), (40.70166, -74.01135), (40.70133, -74.01276), (40.70127, -74.01313), (40.70125, -74.01358), (40.70125, -74.01376), (40.7013, -74.01418), (40.70136, -74.01451), (40.70149, -74.01485), (40.70159, -74.01505), (40.70172, -74.01525), (40.7019, -74.01548), (40.70225, -74.01577), (40.70244, -74.01589), (40.70265, -74.01598), (40.70419, -74.01655), (40.70436, -74.01658), (40.70483, -74.0166), (40.70498, -74.0166), (40.70521, -74.01654), (40.70653, -74.01605), (40.70656, -74.01599), (40.70707, -74.0158), (40.70751, -74.0156), (40.70787, -74.01544), (40.70883, -74.01508), (40.70935, -74.01492), (40.70997, -74.01468), (40.71044, -74.01456), (40.71087, -74.01443), (40.71154, -74.01427), (40.71213, -74.01416), (40.71314, -74.0139), (40.71441, -74.01341), (40.71488, -74.01329), (40.71522, -74.01322), (40.7153, -74.0137), (40.71537, -74.01412), (40.71544, -74.01458), (40.71552, -74.01472), (40.71559, -74.01483), (40.71562, -74.01489), (40.71583, -74.01537), (40.71597, -74.01527), (40.716, -74.01519)]"
201301029,4004F56F4F77866DBFB567581B21A436,2013-01-01 1:07:00,2013-01-01 1:50:00,1,-73.985992,40.722206,-74.04216,40.764366,27,7.2,"[(40.7222, -73.986), (40.72258, -73.98724), (40.72294, -73.98838), (40.72306, -73.98881), (40.72368, -73.99083), (40.72411, -73.99225), (40.72418, -73.99252), (40.7243, -73.99284), (40.72455, -73.99357), (40.72512, -73.99517), (40.72528, -73.99581), (40.72545, -73.99657), (40.72549, -73.99672), (40.72539, -73.9968), (40.72524, -73.99692), (40.72432, -73.9977), (40.72278, -73.99901), (40.72179, -73.99987), (40.72293, -74.00217), (40.72326, -74.00284), (40.7233, -74.00301), (40.72337, -74.00332), (40.72355, -74.0043), (40.72367, -74.00505), (40.72376, -74.00598), (40.72381, -74.00606), (40.72382, -74.00615), (40.72385, -74.00629), (40.72391, -74.00647), (40.72397, -74.00659), (40.72407, -74.00674), (40.72421, -74.0069), (40.7243, -74.00696), (40.72444, -74.00699), (40.72471, -74.00701), (40.72489, -74.00698), (40.72507, -74.00697), (40.7253, -74.00704), (40.72546, -74.00714), (40.7256, -74.00729), (40.72571, -74.00745), (40.72581, -74.00766), (40.72585, -74.00783), (40.72594, -74.00877), (40.72613, -74.01051), (40.72633, -74.01191), (40.7264, -74.01263), (40.72647, -74.01332), (40.72664, -74.01494), (40.72673, -74.01554), (40.72698, -74.01716), (40.72727, -74.01902), (40.72821, -74.02507), (40.7285, -74.02693), (40.72868, -74.02893), (40.72897, -74.03203), (40.72902, -74.03233), (40.72911, -74.03258), (40.72953, -74.03386), (40.73012, -74.03559), (40.73019, -74.03578), (40.73029, -74.03595), (40.73071, -74.0365), (40.73097, -74.03688), (40.73114, -74.0372), (40.73134, -74.03763), (40.73138, -74.03774), (40.73145, -74.03848), (40.7316, -74.03997), (40.73178, -74.042), (40.73205, -74.04487), (40.73204, -74.04516), (40.732, -74.04576), (40.73195, -74.04629), (40.73183, -74.04697), (40.7317, -74.04801), (40.73152, -74.04905), (40.73127, -74.05008), (40.73122, -74.05043), (40.7312, -74.05086), (40.73121, -74.0511), (40.73127, -74.05151), (40.73138, -74.05189), (40.73151, -74.05218), (40.73167, -74.05245), (40.73198, -74.05287), (40.73233, -74.05329), (40.73256, -74.05354), (40.73364, -74.0548), (40.73591, -74.05744), (40.73803, -74.05991), (40.73812, -74.06004), (40.73827, -74.06025), (40.73852, -74.06074), (40.73877, -74.06127), (40.73896, -74.06179), (40.73917, -74.06261), (40.73925, -74.06306), (40.7393, -74.06347), (40.73931, -74.06361), (40.73936, -74.06365), (40.73937, -74.06367), (40.73942, -74.064), (40.73947, -74.06459), (40.73951, -74.06473), (40.73957, -74.06493), (40.73973, -74.06486), (40.74004, -74.06466), (40.74039, -74.06429), (40.74066, -74.06404), (40.74083, -74.06391), (40.74131, -74.06363), (40.74156, -74.06352), (40.74197, -74.06341), (40.74246, -74.06327), (40.74296, -74.06311), (40.74319, -74.06304), (40.74351, -74.06292), (40.74487, -74.06251), (40.74549, -74.06231), (40.74637, -74.06199), (40.74696, -74.06179), (40.7473, -74.06161), (40.74768, -74.0614), (40.74868, -74.06088), (40.74934, -74.0605), (40.7495, -74.06039), (40.74981, -74.06015), (40.75018, -74.05981), (40.75062, -74.05936), (40.75102, -74.05892), (40.75138, -74.05851), (40.75165, -74.05825), (40.75282, -74.05733), (40.75422, -74.05624), (40.75531, -74.05541), (40.75655, -74.05453), (40.75676, -74.05436), (40.75698, -74.05417), (40.757, -74.0541), (40.75707, -74.05397), (40.75722, -74.05375), (40.75766, -74.05317), (40.75843, -74.05237), (40.75877, -74.05199), (40.75923, -74.0515), (40.75948, -74.05125), (40.75968, -74.05109), (40.7598, -74.05102), (40.75998, -74.05089), (40.75988, -74.05068), (40.75961, -74.05012), (40.75948, -74.04987), (40.75932, -74.04971), (40.75907, -74.04955), (40.75861, -74.0493), (40.75857, -74.04927), (40.75853, -74.04919), (40.75842, -74.04886), (40.75832, -74.04857), (40.7583, -74.04842), (40.75799, -74.04753), (40.75771, -74.04674), (40.75738, -74.04584), (40.75773, -74.04558), (40.7583, -74.04519), (40.7587, -74.04492), (40.75929, -74.04454), (40.75969, -74.0443), (40.75989, -74.04419), (40.76036, -74.04386), (40.76139, -74.04305), (40.76244, -74.04223), (40.76254, -74.04217), (40.76278, -74.04208), (40.76301, -74.04205), (40.76334, -74.04208), (40.76438, -74.04221)]"
201301030,F606ADBB4A1DE7876745919B56A7498B,2013-01-01 1:10:33,2013-01-01 1:24:50,2,-73.863113,40.769459,-73.863113,40.769459,1,1,"[(40.76957, -73.86408)]"
201301031,6CD601F956CB2A01BEE445000A50E034,2013-01-01 1:13:00,2013-01-01 1:23:00,1,-73.966423,40.754017,-73.932961,40.76387,12,3.1,"[(40.754, -73.96644), (40.75388, -73.96616), (40.75422, -73.9659), (40.7554, -73.96506), (40.7564, -73.96434), (40.75717, -73.96376), (40.75786, -73.96326), (40.75831, -73.96293), (40.75876, -73.964), (40.75896, -73.96448), (40.75912, -73.96436), (40.75931, -73.96422), (40.75957, -73.96404), (40.75996, -73.96378), (40.76029, -73.96355), (40.76043, -73.96347), (40.76048, -73.96341), (40.7605, -73.96335), (40.76051, -73.96326), (40.76049, -73.96315), (40.76025, -73.96261), (40.75992, -73.96183), (40.75968, -73.96114), (40.75947, -73.96058), (40.75925, -73.96005), (40.75899, -73.95943), (40.75839, -73.95803), (40.75768, -73.95639), (40.75733, -73.95558), (40.75689, -73.95461), (40.75638, -73.95346), (40.75558, -73.95162), (40.75495, -73.95018), (40.75422, -73.94846), (40.7531, -73.9459), (40.75293, -73.94549), (40.75283, -73.94531), (40.75266, -73.94504), (40.75262, -73.94501), (40.75252, -73.94484), (40.75233, -73.94449), (40.75197, -73.94365), (40.75171, -73.943), (40.75163, -73.94288), (40.75155, -73.94282), (40.75145, -73.94282), (40.75136, -73.94287), (40.75079, -73.94338), (40.75047, -73.94375), (40.75045, -73.94386), (40.75048, -73.94397), (40.7507, -73.94442), (40.7509, -73.94482), (40.7511, -73.94522), (40.7518, -73.94455), (40.75214, -73.94422), (40.75257, -73.94382), (40.75401, -73.94243), (40.75693, -73.93963), (40.7581, -73.9385), (40.75871, -73.93791), (40.75939, -73.93727), (40.76052, -73.9362), (40.76229, -73.93451), (40.76388, -73.93299)]"
201301032,8669D9002FF4D63D433C5D9CCA710D7C,2013-01-01 1:15:00,2013-01-01 1:57:00,5,-73.964783,40.801876,-73.956032,40.821388,8,1.7,"[(40.80187, -73.9647), (40.80229, -73.96439), (40.80257, -73.96415), (40.80276, -73.96399), (40.80301, -73.96382), (40.80338, -73.96467), (40.80379, -73.96567), (40.80416, -73.9666), (40.80477, -73.96804), (40.80481, -73.9681), (40.80486, -73.96813), (40.80496, -73.96815), (40.80502, -73.96817), (40.80513, -73.96813), (40.80551, -73.96793), (40.80557, -73.96792), (40.80563, -73.96793), (40.8057, -73.968), (40.80572, -73.96807), (40.80585, -73.968), (40.8063, -73.96777), (40.80695, -73.9674), (40.80743, -73.96708), (40.80767, -73.96692), (40.8079, -73.96674), (40.80815, -73.96654), (40.80828, -73.96643), (40.80881, -73.96578), (40.80898, -73.96568), (40.80958, -73.96524), (40.81075, -73.96439), (40.81241, -73.9632), (40.81285, -73.96286), (40.81346, -73.96241), (40.81351, -73.96236), (40.81358, -73.96234), (40.81386, -73.96223), (40.81404, -73.96217), (40.81414, -73.96211), (40.81493, -73.96155), (40.81514, -73.96143), (40.81534, -73.96136), (40.81566, -73.96126), (40.81605, -73.96119), (40.81631, -73.96126), (40.81649, -73.96128), (40.81661, -73.96126), (40.81676, -73.96122), (40.81681, -73.96122), (40.81687, -73.96118), (40.81703, -73.96106), (40.81755, -73.96068), (40.81817, -73.96024), (40.82003, -73.95887), (40.82064, -73.95841), (40.8207, -73.95837), (40.82077, -73.95827), (40.82088, -73.95815), (40.82101, -73.95792), (40.8211, -73.9576), (40.82116, -73.9574), (40.8217, -73.95677), (40.82163, -73.95663), (40.82138, -73.95604)]"
201301033,B4C414BA3488EBECF8A633B313A41B00,2013-01-01 1:16:00,2013-01-01 1:25:00,1,-74.002495,40.72506,-74.01593,40.709934,11,1.6,"[(40.72506, -74.00249), (40.72384, -74.00351), (40.72347, -74.00383), (40.72355, -74.0043), (40.72362, -74.00474), (40.72367, -74.00505), (40.72376, -74.00598), (40.72375, -74.00608), (40.72366, -74.00614), (40.72263, -74.0063), (40.72207, -74.00638), (40.72096, -74.00659), (40.72058, -74.00666), (40.72045, -74.0067), (40.71978, -74.00681), (40.71996, -74.00859), (40.72013, -74.01023), (40.7203, -74.01206), (40.72033, -74.01228), (40.72022, -74.01231), (40.71987, -74.01239), (40.71899, -74.0126), (40.71819, -74.01279), (40.71736, -74.01301), (40.71528, -74.01354), (40.71432, -74.01377), (40.71379, -74.01394), (40.71326, -74.0141), (40.71309, -74.01418), (40.71276, -74.01427), (40.71262, -74.01431), (40.7122, -74.01442), (40.71128, -74.01464), (40.71069, -74.0148), (40.71046, -74.01485), (40.70983, -74.01505), (40.70985, -74.01528), (40.70996, -74.01581), (40.70998, -74.01591)]"
201301034,7EE820827C3806BB69720C14B64EA031,2013-01-01 1:17:00,2013-01-01 1:30:00,5,-73.97654,40.75201,-74.015533,40.709824,16,6.2,"[(40.75173, -73.97675), (40.7511, -73.97523), (40.75017, -73.97304), (40.74935, -73.97107), (40.74919, -73.97069), (40.7489, -73.97002), (40.74884, -73.97001), (40.74865, -73.96958), (40.74838, -73.96895), (40.74826, -73.96867), (40.74821, -73.96858), (40.74816, -73.96853), (40.74805, -73.96848), (40.748, -73.96849), (40.74793, -73.96852), (40.74778, -73.9686), (40.74752, -73.96879), (40.74695, -73.96923), (40.74678, -73.9694), (40.74623, -73.96996), (40.74584, -73.97037), (40.74531, -73.97083), (40.7449, -73.97114), (40.74478, -73.97123), (40.74457, -73.97131), (40.74388, -73.97168), (40.74331, -73.97204), (40.74321, -73.97214), (40.74316, -73.97222), (40.74313, -73.97228), (40.74279, -73.97244), (40.74231, -73.97264), (40.74177, -73.97279), (40.74097, -73.97292), (40.74089, -73.97286), (40.74073, -73.9729), (40.7406, -73.97292), (40.74006, -73.97304), (40.73964, -73.97313), (40.73922, -73.97328), (40.7389, -73.97344), (40.73853, -73.97367), (40.73762, -73.97433), (40.73719, -73.97465), (40.73695, -73.9748), (40.7368, -73.97488), (40.73656, -73.97497), (40.73625, -73.97505), (40.73602, -73.97506), (40.73568, -73.97504), (40.73475, -73.97481), (40.73259, -73.97426), (40.73193, -73.97409), (40.73159, -73.97398), (40.73129, -73.97384), (40.73107, -73.97369), (40.73085, -73.97349), (40.73059, -73.9732), (40.73023, -73.97276), (40.73001, -73.97249), (40.7297, -73.97221), (40.72933, -73.97197), (40.72901, -73.97185), (40.72869, -73.97178), (40.72848, -73.97177), (40.72794, -73.97183), (40.72686, -73.97198), (40.72638, -73.97212), (40.72603, -73.97227), (40.72564, -73.97248), (40.72507, -73.97282), (40.72446, -73.97321), (40.72289, -73.9742), (40.72249, -73.97441), (40.72217, -73.97453), (40.72185, -73.97462), (40.72131, -73.97469), (40.7196, -73.9749), (40.71887, -73.97499), (40.71835, -73.97507), (40.71787, -73.97518), (40.71727, -73.97537), (40.71662, -73.97563), (40.71611, -73.9759), (40.71554, -73.97619), (40.71426, -73.97685), (40.71284, -73.97759), (40.71234, -73.97786), (40.71194, -73.97818), (40.71161, -73.97859), (40.71145, -73.97883), (40.71127, -73.97919), (40.71113, -73.97954), (40.71106, -73.97976), (40.71095, -73.98029), (40.71085, -73.9816), (40.71077, -73.9827), (40.71063, -73.98468), (40.71026, -73.98786), (40.71007, -73.98949), (40.70966, -73.99234), (40.70947, -73.99356), (40.70922, -73.99551), (40.709, -73.99714), (40.70889, -73.99773), (40.70878, -73.99815), (40.70867, -73.99848), (40.70862, -73.99859), (40.70857, -73.99862), (40.70849, -73.9988), (40.7083, -73.99922), (40.70769, -74.00033), (40.70733, -74.00104), (40.7072, -74.00134), (40.70689, -74.00187), (40.70622, -74.00306), (40.70592, -74.00353), (40.70513, -74.00477), (40.7036, -74.00717), (40.70265, -74.00872), (40.70231, -74.00925), (40.70211, -74.00961), (40.70193, -74.01013), (40.70152, -74.01197), (40.70131, -74.0129), (40.70127, -74.0132), (40.70125, -74.01359), (40.70126, -74.01387), (40.70132, -74.01429), (40.70137, -74.01452), (40.70154, -74.01495), (40.70165, -74.01515), (40.7018, -74.01536), (40.7019, -74.01548), (40.70216, -74.0157), (40.70231, -74.01581), (40.70244, -74.01589), (40.70282, -74.01605), (40.70408, -74.01651), (40.70425, -74.01656), (40.70442, -74.01659), (40.70488, -74.0166), (40.70504, -74.01659), (40.70588, -74.01628), (40.70653, -74.01605), (40.70656, -74.01599), (40.70667, -74.01596), (40.70699, -74.01583), (40.70724, -74.01573), (40.70759, -74.01556), (40.70814, -74.01534), (40.7089, -74.01506), (40.70942, -74.01489), (40.70981, -74.01473), (40.71013, -74.01464), (40.71106, -74.01439), (40.71115, -74.01467), (40.71082, -74.01477), (40.71053, -74.01484), (40.70995, -74.01502), (40.70983, -74.01505), (40.70985, -74.0152), (40.70988, -74.01543), (40.70989, -74.01551)]"
201301035,61487CEF9292FF5349BD16EED14B8F92,2013-01-01 1:19:00,2013-01-01 1:25:00,1,-74.00415,40.742023,-74.005669,40.743607,4,0.5,"[(40.74215, -74.00406), (40.7413, -74.0021), (40.74108, -74.00154), (40.74132, -74.00138), (40.74139, -74.00133), (40.74167, -74.00113), (40.74197, -74.00181), (40.74204, -74.00197), (40.74234, -74.00269), (40.74358, -74.00567)]"
201301036,61D1F3B8FAF80EA035086A0D5C31F8BA,2013-01-01 1:21:00,2013-01-01 1:22:00,2,-73.99366,40.724606,-73.99366,40.724606,1,1,"[(40.72459, -73.99367)]"
201301037,4E7D29EFA70E1D471AEB85F153DE1554,2013-01-01 1:23:00,2013-01-01 1:33:00,2,-73.989899,40.700722,-74.003342,40.722927,10,2.0,"[(40.70072, -73.9899), (40.70093, -73.99021), (40.70142, -73.99082), (40.70218, -73.9918), (40.70286, -73.99263), (40.70435, -73.99446), (40.70469, -73.99491), (40.70532, -73.99568), (40.70583, -73.99635), (40.70639, -73.99703), (40.70662, -73.9973), (40.70677, -73.99751), (40.70719, -73.99803), (40.70753, -73.99848), (40.70803, -73.99915), (40.70853, -73.9998), (40.70889, -74.00025), (40.70926, -74.00073), (40.71016, -74.00185), (40.71136, -74.00338), (40.71195, -74.00411), (40.71222, -74.00444), (40.71238, -74.00451), (40.71255, -74.00449), (40.71268, -74.00441), (40.71311, -74.00403), (40.71367, -74.0035), (40.71385, -74.00325), (40.71409, -74.00288), (40.71428, -74.00265), (40.71444, -74.00252), (40.71479, -74.00234), (40.71524, -74.00207), (40.71574, -74.0017), (40.71638, -74.00121), (40.71716, -74.00064), (40.71771, -74.0002), (40.71803, -73.99996), (40.71896, -74.00129), (40.72039, -74.00327), (40.72087, -74.00393), (40.72138, -74.00463), (40.72148, -74.00455), (40.72163, -74.00442), (40.72239, -74.00378), (40.72292, -74.00332)]"
201301038,A87E2C633EEB9BCF863389CCE1C6D8F9,2013-01-01 1:27:00,2013-01-01 2:03:00,1,-73.997154,40.721455,-73.954765,40.783707,24,7.2,"[(40.72139, -73.99719), (40.72147, -73.99741), (40.72182, -73.99727), (40.72229, -73.99709), (40.72238, -73.99708), (40.72283, -73.9969), (40.72343, -73.99667), (40.72348, -73.99665), (40.72368, -73.99647), (40.72502, -73.99537), (40.72493, -73.99506), (40.72442, -73.99362), (40.72425, -73.99316), (40.72413, -73.9928), (40.72406, -73.99254), (40.7238, -73.9917), (40.72368, -73.9913), (40.72362, -73.99108), (40.72337, -73.9903), (40.72312, -73.98943), (40.72287, -73.98868), (40.72267, -73.98804), (40.72263, -73.98782), (40.72248, -73.98733), (40.72223, -73.98652), (40.72194, -73.98555), (40.72143, -73.98387), (40.72063, -73.98122), (40.71988, -73.97879), (40.7193, -73.97741), (40.71922, -73.97716), (40.71889, -73.9755), (40.7188, -73.97519), (40.71879, -73.97505), (40.71879, -73.97492), (40.71882, -73.97484), (40.71892, -73.97475), (40.71903, -73.97471), (40.71929, -73.97468), (40.72039, -73.97456), (40.72092, -73.97454), (40.72106, -73.97459), (40.72132, -73.97456), (40.72183, -73.97448), (40.72211, -73.97441), (40.72256, -73.97424), (40.72295, -73.97401), (40.7236, -73.9736), (40.72513, -73.97264), (40.72578, -73.97226), (40.72626, -73.97203), (40.72658, -73.97192), (40.72681, -73.97186), (40.72723, -73.9718), (40.72794, -73.97169), (40.72813, -73.97167), (40.72851, -73.97164), (40.72885, -73.97167), (40.72927, -73.9718), (40.72967, -73.97203), (40.72994, -73.97226), (40.73005, -73.97237), (40.73041, -73.97281), (40.73069, -73.97313), (40.73087, -73.97334), (40.73124, -73.97364), (40.73145, -73.97377), (40.73178, -73.97391), (40.73199, -73.97397), (40.73249, -73.97409), (40.73351, -73.97435), (40.73504, -73.97474), (40.73549, -73.97486), (40.73576, -73.9749), (40.73615, -73.97491), (40.73658, -73.97482), (40.73696, -73.97465), (40.73719, -73.97449), (40.73825, -73.97372), (40.73863, -73.97344), (40.73892, -73.97327), (40.73924, -73.97312), (40.74009, -73.97283), (40.74061, -73.97267), (40.74123, -73.97255), (40.74235, -73.97231), (40.74277, -73.97219), (40.74307, -73.97206), (40.74339, -73.97188), (40.74396, -73.97151), (40.74495, -73.97084), (40.74559, -73.9703), (40.74593, -73.96996), (40.74659, -73.96925), (40.74695, -73.9689), (40.7474, -73.96852), (40.74877, -73.96738), (40.75068, -73.96579), (40.75158, -73.965), (40.75206, -73.96454), (40.75265, -73.96398), (40.75324, -73.96346), (40.75368, -73.96313), (40.75427, -73.96262), (40.75485, -73.96211), (40.75507, -73.96187), (40.75525, -73.96164), (40.75586, -73.96083), (40.75624, -73.96051), (40.7567, -73.96016), (40.75749, -73.95951), (40.75821, -73.95891), (40.75877, -73.95851), (40.75914, -73.95822), (40.75939, -73.95807), (40.75957, -73.95795), (40.75964, -73.95788), (40.75981, -73.95768), (40.75997, -73.95747), (40.76062, -73.95654), (40.7612, -73.95579), (40.76244, -73.95441), (40.76289, -73.95398), (40.76506, -73.95209), (40.76594, -73.95129), (40.76645, -73.95084), (40.76682, -73.95058), (40.767, -73.95044), (40.76753, -73.94997), (40.76787, -73.94966), (40.76814, -73.94946), (40.76868, -73.94905), (40.76894, -73.9488), (40.76987, -73.94793), (40.77019, -73.94759), (40.77108, -73.94677), (40.77131, -73.94655), (40.7718, -73.94595), (40.77243, -73.94519), (40.77256, -73.94502), (40.77278, -73.94479), (40.77327, -73.94434), (40.77438, -73.94332), (40.77492, -73.9429), (40.77522, -73.94273), (40.77561, -73.94257), (40.77591, -73.94249), (40.77616, -73.94246), (40.77637, -73.94245), (40.77659, -73.94247), (40.77694, -73.94254), (40.77797, -73.94284), (40.77831, -73.94298), (40.77969, -73.94362), (40.78029, -73.94385), (40.78077, -73.94398), (40.78119, -73.94407), (40.78129, -73.94401), (40.78134, -73.94402), (40.78154, -73.94402), (40.7819, -73.94399), (40.78223, -73.94391), (40.78274, -73.94378), (40.78281, -73.94375), (40.78288, -73.94371), (40.78302, -73.94404), (40.78306, -73.94413), (40.78323, -73.94455), (40.78332, -73.94487), (40.78365, -73.94564), (40.78427, -73.94711), (40.7851, -73.94909), (40.78519, -73.94934), (40.78569, -73.95052), (40.78598, -73.95118), (40.7866, -73.95265), (40.78561, -73.95338), (40.78467, -73.95407), (40.78372, -73.95476), (40.78371, -73.95477)]"
201301039,6F8D4888EFC6C2562729EA66424028D8,2013-01-01 1:31:00,2013-01-01 1:45:00,1,-73.989349,40.718884,-74.001694,40.74593,22,3.4,"[(40.71883, -73.98938), (40.71824, -73.98747), (40.72009, -73.98651), (40.72205, -73.9855), (40.72229, -73.98627), (40.72248, -73.98693), (40.72278, -73.98786), (40.72319, -73.98923), (40.72378, -73.9912), (40.72418, -73.99252), (40.72477, -73.99416), (40.72506, -73.995), (40.72515, -73.99527), (40.72538, -73.99625), (40.72553, -73.99686), (40.72559, -73.99701), (40.72619, -73.99824), (40.727, -73.99988), (40.72776, -74.00143), (40.72824, -74.00241), (40.72836, -74.00267), (40.72837, -74.00277), (40.72839, -74.00303), (40.7284, -74.00319), (40.72891, -74.00844), (40.72893, -74.00883), (40.72896, -74.00907), (40.72905, -74.0099), (40.72911, -74.01041), (40.72914, -74.01057), (40.72926, -74.01055), (40.72973, -74.0105), (40.73119, -74.01036), (40.73209, -74.01027), (40.73381, -74.0101), (40.73531, -74.00997), (40.73689, -74.00984), (40.73744, -74.00981), (40.73788, -74.00983), (40.73852, -74.00992), (40.73874, -74.00994), (40.73894, -74.00994), (40.73919, -74.0099), (40.73931, -74.00987), (40.73945, -74.00982), (40.73978, -74.00966), (40.74046, -74.00925), (40.74066, -74.00915), (40.74077, -74.0091), (40.74088, -74.00908), (40.74155, -74.0089), (40.7419, -74.00879), (40.7422, -74.00872), (40.74236, -74.00871), (40.74234, -74.00852), (40.74244, -74.00809), (40.74246, -74.00803), (40.74253, -74.00792), (40.74276, -74.00776), (40.74307, -74.00755), (40.74347, -74.00723), (40.74389, -74.00694), (40.7445, -74.0065), (40.74499, -74.00614), (40.74582, -74.00553), (40.74627, -74.00522), (40.74678, -74.00485), (40.74704, -74.00465), (40.7477, -74.00417), (40.74743, -74.00355), (40.74651, -74.00137), (40.74624, -74.00156), (40.74596, -74.00176)]"
201301040,1A292EA0C31E7673162FB4147D7D086D,2013-01-01 1:31:00,2013-01-01 2:06:00,1,-73.98159,40.742222,-73.984375,40.664116,24,8.8,"[(40.74226, -73.98156), (40.74197, -73.98087), (40.7426, -73.9804), (40.74321, -73.97995), (40.74277, -73.97891), (40.74245, -73.97818), (40.74213, -73.97731), (40.7416, -73.97606), (40.74119, -73.97518), (40.74085, -73.9744), (40.74031, -73.97311), (40.73994, -73.97316), (40.73955, -73.97326), (40.73895, -73.97352), (40.73861, -73.97371), (40.73853, -73.97367), (40.73835, -73.9738), (40.73796, -73.97408), (40.73743, -73.97448), (40.73704, -73.97475), (40.73688, -73.97484), (40.73666, -73.97494), (40.73642, -73.97501), (40.73607, -73.97506), (40.73593, -73.97506), (40.73555, -73.97501), (40.73235, -73.97419), (40.73177, -73.97405), (40.73159, -73.97398), (40.73129, -73.97384), (40.73094, -73.97358), (40.7307, -73.97333), (40.73001, -73.97249), (40.7297, -73.97221), (40.7296, -73.97214), (40.72933, -73.97197), (40.72919, -73.97191), (40.72888, -73.97181), (40.72848, -73.97177), (40.72794, -73.97183), (40.72729, -73.97192), (40.72686, -73.97198), (40.72638, -73.97212), (40.72603, -73.97227), (40.72587, -73.97236), (40.72555, -73.97253), (40.72489, -73.97293), (40.72416, -73.9734), (40.72269, -73.97431), (40.72239, -73.97446), (40.72207, -73.97457), (40.72164, -73.97465), (40.7207, -73.97476), (40.71913, -73.97496), (40.71851, -73.97504), (40.71797, -73.97516), (40.71756, -73.97528), (40.71727, -73.97537), (40.71662, -73.97563), (40.71576, -73.97608), (40.71506, -73.97644), (40.71401, -73.97699), (40.71299, -73.97751), (40.71234, -73.97786), (40.71194, -73.97818), (40.71161, -73.97859), (40.71145, -73.97883), (40.71127, -73.97919), (40.71106, -73.97976), (40.71095, -73.98029), (40.71092, -73.98058), (40.71082, -73.98203), (40.7107, -73.98375), (40.71063, -73.98468), (40.71049, -73.98589), (40.71021, -73.98836), (40.71007, -73.98949), (40.70979, -73.99145), (40.70958, -73.99281), (40.70947, -73.99356), (40.70931, -73.99484), (40.7091, -73.9964), (40.70895, -73.99745), (40.70883, -73.99796), (40.70871, -73.99836), (40.70867, -73.99848), (40.70862, -73.99859), (40.70857, -73.99862), (40.70849, -73.9988), (40.7084, -73.999), (40.70807, -73.99962), (40.70786, -74.0), (40.70733, -74.00104), (40.7072, -74.00134), (40.70709, -74.00153), (40.70671, -74.0022), (40.70619, -74.0031), (40.70577, -74.00376), (40.70454, -74.00568), (40.70394, -74.00662), (40.70346, -74.00739), (40.70303, -74.0081), (40.70231, -74.00925), (40.70211, -74.00961), (40.70202, -74.00985), (40.70193, -74.01013), (40.70181, -74.01067), (40.70172, -74.01106), (40.70136, -74.01266), (40.70128, -74.01312), (40.70125, -74.01333), (40.70125, -74.01368), (40.70128, -74.01409), (40.70134, -74.01442), (40.70144, -74.01473), (40.70165, -74.01515), (40.7018, -74.01536), (40.7019, -74.01548), (40.70216, -74.0157), (40.70231, -74.01581), (40.70243, -74.01588), (40.70254, -74.01593), (40.70366, -74.01636), (40.70418, -74.01655), (40.70436, -74.01658), (40.70493, -74.0166), (40.70515, -74.01656), (40.70644, -74.01608), (40.70653, -74.01605), (40.70656, -74.01599), (40.70667, -74.01596), (40.70699, -74.01583), (40.70707, -74.0158), (40.70708, -74.01577), (40.70709, -74.01572), (40.70711, -74.01553), (40.70707, -74.01536), (40.70699, -74.01524), (40.70686, -74.0151), (40.70673, -74.01503), (40.70658, -74.01499), (40.70638, -74.01499), (40.70619, -74.01502), (40.70606, -74.01506), (40.70578, -74.01515), (40.70567, -74.01513), (40.70535, -74.01525), (40.70446, -74.01556), (40.70394, -74.01572), (40.70355, -74.0158), (40.70319, -74.01585), (40.70283, -74.01587), (40.70241, -74.01587), (40.70193, -74.01587), (40.70157, -74.01582), (40.70129, -74.01574), (40.70105, -74.01567), (40.70038, -74.01543), (40.69963, -74.01503), (40.69894, -74.01466), (40.69832, -74.01442), (40.69652, -74.01375), (40.696, -74.01356), (40.69375, -74.01274), (40.69305, -74.01249), (40.69219, -74.01215), (40.69175, -74.01197), (40.69151, -74.01184), (40.69069, -74.01138), (40.68959, -74.01063), (40.68913, -74.01019), (40.68868, -74.00975), (40.68835, -74.00955), (40.68787, -74.00925), (40.68738, -74.00895), (40.68724, -74.00883), (40.68603, -74.00781), (40.68589, -74.00769), (40.68486, -74.00707), (40.68466, -74.00695), (40.68403, -74.00661), (40.68375, -74.00651), (40.68355, -74.00644), (40.68316, -74.0063), (40.6826, -74.0062), (40.68243, -74.00611), (40.68186, -74.00582), (40.68154, -74.00562), (40.68136, -74.00549), (40.68067, -74.00492), (40.67906, -74.0035), (40.67853, -74.00305), (40.67831, -74.00288), (40.67819, -74.00286), (40.67797, -74.0028), (40.67777, -74.00275), (40.67766, -74.00271), (40.67753, -74.00263), (40.67732, -74.00251), (40.67729, -74.00251), (40.67671, -74.00207), (40.67621, -74.00176), (40.67586, -74.00147), (40.67578, -74.00137), (40.67546, -74.00112), (40.67498, -74.00078), (40.67419, -74.00027), (40.67381, -74.00005), (40.67251, -73.99921), (40.67129, -73.99841), (40.67027, -73.99779), (40.6704, -73.99743), (40.67029, -73.99731), (40.67008, -73.9969), (40.66839, -73.9934), (40.66737, -73.9913), (40.66721, -73.99098), (40.66664, -73.9898), (40.66503, -73.98645), (40.66405, -73.98443)]"
201301041,9036E35F54F79381908BA126A118B385,2013-01-01 1:33:00,2013-01-01 1:48:00,3,-73.971069,40.675419,-73.943962,40.719624,16,4.7,"[(40.67538, -73.97116), (40.67718, -73.97246), (40.67854, -73.97346), (40.68093, -73.97518), (40.68321, -73.97682), (40.68383, -73.97726), (40.68433, -73.97765), (40.68501, -73.97815), (40.68669, -73.97937), (40.68697, -73.97956), (40.68741, -73.97989), (40.68837, -73.98058), (40.68849, -73.98061), (40.68856, -73.98065), (40.68892, -73.9809), (40.68911, -73.98098), (40.68953, -73.98119), (40.6908, -73.98181), (40.69305, -73.98294), (40.69392, -73.98336), (40.69484, -73.98381), (40.69504, -73.98392), (40.69553, -73.98419), (40.69557, -73.98421), (40.6957, -73.98416), (40.69593, -73.98414), (40.6959, -73.98315), (40.69589, -73.98275), (40.69588, -73.9824), (40.69587, -73.98224), (40.69591, -73.98215), (40.69592, -73.98203), (40.69593, -73.98189), (40.69597, -73.98165), (40.69609, -73.98126), (40.6962, -73.98093), (40.69627, -73.98062), (40.69629, -73.98029), (40.69627, -73.97973), (40.69631, -73.97963), (40.6963, -73.97943), (40.69629, -73.97913), (40.69625, -73.97805), (40.69615, -73.9762), (40.69604, -73.97317), (40.69577, -73.9663), (40.69575, -73.96566), (40.69576, -73.96511), (40.69585, -73.96458), (40.69595, -73.96422), (40.69607, -73.96391), (40.6962, -73.96367), (40.69634, -73.96343), (40.69649, -73.96325), (40.69674, -73.96298), (40.69693, -73.96282), (40.69713, -73.9627), (40.69739, -73.96257), (40.69755, -73.96252), (40.6983, -73.96229), (40.69958, -73.9619), (40.70023, -73.96165), (40.70118, -73.96122), (40.70237, -73.96055), (40.70326, -73.96005), (40.70399, -73.95964), (40.70453, -73.9593), (40.70481, -73.95914), (40.7063, -73.95829), (40.70795, -73.95735), (40.70888, -73.95681), (40.70933, -73.95652), (40.71136, -73.95517), (40.71268, -73.95428), (40.71306, -73.95399), (40.71341, -73.9537), (40.71439, -73.95266), (40.71498, -73.95198), (40.71543, -73.95143), (40.71593, -73.95076), (40.71641, -73.95006), (40.71686, -73.94936), (40.71783, -73.94786), (40.71853, -73.94673), (40.71898, -73.94606), (40.71899, -73.94591), (40.71912, -73.94564), (40.71928, -73.94521), (40.71963, -73.94395)]"
201301042,C3C01F016F8CA8D3A34A699D93AF307C,2013-01-01 1:35:00,2013-01-01 1:50:00,2,-74.00351,40.725288,-73.978256,40.751503,17,2.7,"[(40.72531, -74.00349), (40.72526, -74.00338), (40.72558, -74.00312), (40.7265, -74.00237), (40.72689, -74.00313), (40.72693, -74.00325), (40.72696, -74.00347), (40.72785, -74.00311), (40.72804, -74.00303), (40.72829, -74.00288), (40.72854, -74.00274), (40.72907, -74.00249), (40.72968, -74.00221), (40.7298, -74.00218), (40.72996, -74.00208), (40.73024, -74.00191), (40.73114, -74.00138), (40.73227, -74.00056), (40.73293, -74.00008), (40.73364, -73.99955), (40.73479, -73.99872), (40.7354, -73.99827), (40.73583, -73.99797), (40.73615, -73.99772), (40.73798, -73.99639), (40.73936, -73.99539), (40.74113, -73.9941), (40.74236, -73.99319), (40.74272, -73.99293), (40.7429, -73.9928), (40.74279, -73.99255), (40.7427, -73.99234), (40.7424, -73.99165), (40.74229, -73.99133), (40.74147, -73.98933), (40.74104, -73.98831), (40.74088, -73.98798), (40.74149, -73.98754), (40.74278, -73.98659), (40.74401, -73.98569), (40.74678, -73.98369), (40.74793, -73.98284), (40.7489, -73.98214), (40.74967, -73.98159), (40.7504, -73.98105), (40.75154, -73.98024), (40.75215, -73.97979), (40.75163, -73.97853), (40.75151, -73.97827)]"
201301043,4A15E823A8D4B398CFC16683EBD6956B,2013-01-01 1:35:00,2013-01-01 2:05:00,1,-73.962234,40.773121,-74.007141,40.710426,21,7.4,"[(40.77312, -73.96224), (40.77497, -73.96089), (40.77553, -73.96047), (40.77557, -73.96044), (40.77549, -73.96023), (40.77521, -73.95958), (40.77473, -73.95845), (40.77426, -73.95731), (40.7737, -73.95598), (40.77331, -73.95508), (40.77324, -73.95488), (40.77292, -73.95413), (40.77175, -73.95135), (40.77163, -73.95106), (40.77163, -73.95095), (40.7716, -73.95087), (40.7714, -73.95044), (40.77115, -73.94988), (40.77048, -73.94827), (40.77037, -73.94792), (40.77034, -73.94785), (40.77029, -73.94784), (40.77022, -73.94785), (40.7697, -73.94835), (40.76897, -73.94902), (40.76895, -73.94903), (40.76886, -73.94903), (40.76873, -73.94916), (40.76854, -73.94931), (40.76833, -73.94946), (40.76796, -73.94974), (40.76718, -73.95043), (40.76689, -73.95067), (40.76646, -73.95099), (40.76565, -73.9517), (40.76493, -73.95236), (40.76347, -73.95366), (40.76295, -73.95414), (40.76253, -73.95456), (40.76111, -73.95613), (40.76048, -73.95708), (40.76023, -73.95743), (40.7599, -73.9578), (40.75953, -73.95811), (40.75906, -73.95844), (40.75836, -73.95896), (40.75782, -73.95937), (40.7577, -73.95948), (40.75677, -73.96027), (40.75643, -73.96053), (40.75603, -73.96083), (40.75577, -73.96112), (40.7553, -73.96176), (40.75516, -73.96194), (40.75482, -73.9623), (40.75408, -73.96294), (40.75345, -73.96349), (40.75283, -73.9641), (40.75199, -73.96491), (40.75166, -73.96521), (40.74987, -73.96667), (40.74789, -73.9683), (40.74705, -73.969), (40.74672, -73.96931), (40.74593, -73.97013), (40.74532, -73.9707), (40.74477, -73.97112), (40.74394, -73.97167), (40.74328, -73.97209), (40.74263, -73.97241), (40.74233, -73.97253), (40.74193, -73.97265), (40.74067, -73.97291), (40.73976, -73.9731), (40.73932, -73.97324), (40.73896, -73.9734), (40.73862, -73.97361), (40.73825, -73.97387), (40.73733, -73.97455), (40.73702, -73.97476), (40.73685, -73.97486), (40.73665, -73.97494), (40.73634, -73.97503), (40.73603, -73.97506), (40.73589, -73.97506), (40.73569, -73.97504), (40.73545, -73.97498), (40.73416, -73.97466), (40.73204, -73.97412), (40.7317, -73.97402), (40.73144, -73.97392), (40.73118, -73.97377), (40.73092, -73.97356), (40.73066, -73.97329), (40.73033, -73.97288), (40.72985, -73.97234), (40.72949, -73.97206), (40.72909, -73.97188), (40.7288, -73.9718), (40.7286, -73.97177), (40.72832, -73.97178), (40.72706, -73.97195), (40.72655, -73.97206), (40.72623, -73.97218), (40.72583, -73.97238), (40.72552, -73.97255), (40.72473, -73.97303), (40.72412, -73.97342), (40.72319, -73.97401), (40.72259, -73.97436), (40.72228, -73.9745), (40.72195, -73.97459), (40.72164, -73.97466), (40.72066, -73.97477), (40.71905, -73.97497), (40.71839, -73.97507), (40.71792, -73.97517), (40.71735, -73.97534), (40.71682, -73.97555), (40.7162, -73.97585), (40.71564, -73.97614), (40.71491, -73.97652), (40.71337, -73.97731), (40.71298, -73.97751), (40.71259, -73.97771), (40.71224, -73.97792), (40.71194, -73.97818), (40.71176, -73.97839), (40.71161, -73.97859), (40.71144, -73.97885), (40.71117, -73.97943), (40.711, -73.98003), (40.71095, -73.9803), (40.71087, -73.98129), (40.71078, -73.98254), (40.71065, -73.98449), (40.7101, -73.98925), (40.70957, -73.99291), (40.70927, -73.99518), (40.70904, -73.99683), (40.70893, -73.99755), (40.70883, -73.99797), (40.7087, -73.9984), (40.70853, -73.99884), (40.7085, -73.99901), (40.7085, -73.99926), (40.70852, -73.99943), (40.70857, -73.99955), (40.70868, -73.99967), (40.70907, -73.99993), (40.70923, -74.00007), (40.70935, -74.00019), (40.70955, -74.00044), (40.70973, -74.0006), (40.70984, -74.00065), (40.70997, -74.00082), (40.7102, -74.00111), (40.71006, -74.00122), (40.70996, -74.00128), (40.70995, -74.00129), (40.70979, -74.00141), (40.70974, -74.00145), (40.70964, -74.00153), (40.70956, -74.00158), (40.70946, -74.00171), (40.70885, -74.0025), (40.70846, -74.00297), (40.70807, -74.00341), (40.70744, -74.00405), (40.70782, -74.00432), (40.7084, -74.00479), (40.70881, -74.00511), (40.70888, -74.00518), (40.70903, -74.00539), (40.70987, -74.00703), (40.71023, -74.00774), (40.71059, -74.00737), (40.71046, -74.00711)]"
201301044,6AE2F34DE4DE8019C6906C61179B4865,2013-01-01 1:36:00,2013-01-01 2:06:00,1,-73.975174,40.735638,-73.827736,40.765816,24,11.1,"[(40.73564, -73.97514), (40.73544, -73.97511), (40.73592, -73.97623), (40.73631, -73.97715), (40.73681, -73.97834), (40.73689, -73.97853), (40.7372, -73.97831), (40.73768, -73.97795), (40.73829, -73.9775), (40.73879, -73.97715), (40.74002, -73.97624), (40.74028, -73.97605), (40.74058, -73.97585), (40.74128, -73.97536), (40.7419, -73.97488), (40.74484, -73.97275), (40.74563, -73.97218), (40.74571, -73.97213), (40.74577, -73.97228), (40.74591, -73.97264), (40.74623, -73.97341), (40.74633, -73.97365), (40.74623, -73.97372), (40.74616, -73.97377), (40.74613, -73.97378), (40.746, -73.97376), (40.74585, -73.97362), (40.74579, -73.97354), (40.74571, -73.97349), (40.74562, -73.97324), (40.74559, -73.9731), (40.7456, -73.97285), (40.74566, -73.9725), (40.74586, -73.97195), (40.74595, -73.97179), (40.74607, -73.97168), (40.74705, -73.97092), (40.74731, -73.9707), (40.74744, -73.97051), (40.74755, -73.97029), (40.7477, -73.96985), (40.74775, -73.9696), (40.74778, -73.96937), (40.74779, -73.96913), (40.74777, -73.96889), (40.74768, -73.96843), (40.74747, -73.96778), (40.74734, -73.96745), (40.74716, -73.96715), (40.74622, -73.96576), (40.7449, -73.96381), (40.74407, -73.96257), (40.74311, -73.96115), (40.74274, -73.96053), (40.74248, -73.96003), (40.74236, -73.95961), (40.74193, -73.95792), (40.74146, -73.95541), (40.74143, -73.95507), (40.74142, -73.95457), (40.74142, -73.95365), (40.74136, -73.95265), (40.74133, -73.95215), (40.74133, -73.95178), (40.74141, -73.95133), (40.74157, -73.95057), (40.7416, -73.95012), (40.74158, -73.94959), (40.74147, -73.94888), (40.74095, -73.94622), (40.74079, -73.94542), (40.74064, -73.94484), (40.74047, -73.94435), (40.74021, -73.94369), (40.73936, -73.94167), (40.73866, -73.94001), (40.73835, -73.93915), (40.73813, -73.93835), (40.73799, -73.93773), (40.73784, -73.93674), (40.73773, -73.93584), (40.73763, -73.93523), (40.73733, -73.93366), (40.73699, -73.93154), (40.73682, -73.93054), (40.73669, -73.92986), (40.73601, -73.92635), (40.73586, -73.92565), (40.73567, -73.92501), (40.73534, -73.92413), (40.73505, -73.92351), (40.73472, -73.92293), (40.73436, -73.9224), (40.73378, -73.92165), (40.73254, -73.92003), (40.73222, -73.91953), (40.73201, -73.91916), (40.73172, -73.91854), (40.73151, -73.91795), (40.73131, -73.91729), (40.73081, -73.9155), (40.73037, -73.91389), (40.73011, -73.91281), (40.73004, -73.91245), (40.72987, -73.91184), (40.72969, -73.91125), (40.72954, -73.91086), (40.72922, -73.91019), (40.72892, -73.90968), (40.72854, -73.90905), (40.72785, -73.90791), (40.72748, -73.9073), (40.72704, -73.90654), (40.72682, -73.90608), (40.72653, -73.90535), (40.72634, -73.90476), (40.72623, -73.9043), (40.72612, -73.90397), (40.72604, -73.90344), (40.72597, -73.90278), (40.7257, -73.89993), (40.72553, -73.89809), (40.72525, -73.89501), (40.7252, -73.89407), (40.72522, -73.89357), (40.72528, -73.89286), (40.72537, -73.89229), (40.72557, -73.89144), (40.72579, -73.89077), (40.72601, -73.89027), (40.72632, -73.88966), (40.72707, -73.88841), (40.72734, -73.88795), (40.72764, -73.88735), (40.72785, -73.88684), (40.72802, -73.8863), (40.72816, -73.88575), (40.72825, -73.88533), (40.72833, -73.88475), (40.72837, -73.88418), (40.72846, -73.88302), (40.72855, -73.88186), (40.7286, -73.88128), (40.72869, -73.88071), (40.72881, -73.88018), (40.72893, -73.87973), (40.72911, -73.8792), (40.72931, -73.87868), (40.72973, -73.87767), (40.73013, -73.87662), (40.7318, -73.87109), (40.73234, -73.86934), (40.73309, -73.86707), (40.73353, -73.86574), (40.73403, -73.86409), (40.73552, -73.85909), (40.73613, -73.85706), (40.73644, -73.85596), (40.73668, -73.85486), (40.73701, -73.85305), (40.73714, -73.85248), (40.73731, -73.8518), (40.73755, -73.85099), (40.73769, -73.85057), (40.73774, -73.85042), (40.73769, -73.8503), (40.73769, -73.85029), (40.73774, -73.85012), (40.73808, -73.84913), (40.73834, -73.84843), (40.73849, -73.84806), (40.7389, -73.84719), (40.73944, -73.8461), (40.74106, -73.84269), (40.74133, -73.84211), (40.74164, -73.84142), (40.74177, -73.84113), (40.74179, -73.84103), (40.74191, -73.8407), (40.74198, -73.84045), (40.74204, -73.84001), (40.74205, -73.83968), (40.74203, -73.83906), (40.74199, -73.8378), (40.74199, -73.83751), (40.74201, -73.83736), (40.74211, -73.83697), (40.74227, -73.83665), (40.74248, -73.83641), (40.7426, -73.8363), (40.74283, -73.83618), (40.74302, -73.83612), (40.74319, -73.83611), (40.74331, -73.83612), (40.74443, -73.83639), (40.74469, -73.83643), (40.74499, -73.83642), (40.74523, -73.83636), (40.74544, -73.83627), (40.74591, -73.83596), (40.74603, -73.83595), (40.74665, -73.83541), (40.74696, -73.83518), (40.74739, -73.83494), (40.74765, -73.83482), (40.74797, -73.83472), (40.74846, -73.83464), (40.74894, -73.83464), (40.74943, -73.83471), (40.74981, -73.83483), (40.75021, -73.83502), (40.75061, -73.83526), (40.75096, -73.8355), (40.75281, -73.83677), (40.75403, -73.83763), (40.75433, -73.83782), (40.75463, -73.83798), (40.75505, -73.83815), (40.75556, -73.83831), (40.75689, -73.83859), (40.75779, -73.83877), (40.75809, -73.83882), (40.75828, -73.83884), (40.75832, -73.83884), (40.75843, -73.83877), (40.75856, -73.83877), (40.75868, -73.83876), (40.75906, -73.8387), (40.75995, -73.83847), (40.76031, -73.8384), (40.76044, -73.83839), (40.7605, -73.83841), (40.76064, -73.83842), (40.76082, -73.83845), (40.76114, -73.83853), (40.76166, -73.83866), (40.76178, -73.83866), (40.76191, -73.83862), (40.7621, -73.83849), (40.76225, -73.8383), (40.7624, -73.83798), (40.76255, -73.83754), (40.76273, -73.83597), (40.76274, -73.83556), (40.76273, -73.83528), (40.76271, -73.83493), (40.76268, -73.83428), (40.76269, -73.83381), (40.76269, -73.83346), (40.76272, -73.83296), (40.76281, -73.83187), (40.76333, -73.82998), (40.76364, -73.82891), (40.7637, -73.82873), (40.76388, -73.82816), (40.76399, -73.82812), (40.76442, -73.82804), (40.76521, -73.8279), (40.76582, -73.82777)]"
201301045,2BD64ACE43F3E82E79AD3E3E05C9615A,2013-01-01 1:37:10,2013-01-01 1:50:25,1,-73.986137,40.734791,-73.993095,40.702393,15,5.2,"[(40.73478, -73.98611), (40.73638, -73.98493), (40.73697, -73.98452), (40.73602, -73.98227), (40.73567, -73.98144), (40.73496, -73.97976), (40.73437, -73.97838), (40.73338, -73.97603), (40.73285, -73.97475), (40.7328, -73.97452), (40.73185, -73.97427), (40.73113, -73.97409), (40.731, -73.97405), (40.73096, -73.97392), (40.73093, -73.97382), (40.73091, -73.97378), (40.73085, -73.97371), (40.73072, -73.97359), (40.73054, -73.97336), (40.73042, -73.97319), (40.73003, -73.97263), (40.73001, -73.97249), (40.72985, -73.97234), (40.72949, -73.97206), (40.72909, -73.97188), (40.7288, -73.9718), (40.7286, -73.97177), (40.72832, -73.97178), (40.72706, -73.97195), (40.72655, -73.97206), (40.72623, -73.97218), (40.72583, -73.97238), (40.72513, -73.97279), (40.72319, -73.97401), (40.72259, -73.97436), (40.72228, -73.9745), (40.72195, -73.97459), (40.72164, -73.97466), (40.72, -73.97485), (40.71905, -73.97497), (40.71839, -73.97507), (40.71792, -73.97517), (40.71735, -73.97534), (40.71682, -73.97555), (40.7162, -73.97585), (40.71564, -73.97614), (40.71434, -73.97681), (40.71298, -73.97751), (40.71259, -73.97771), (40.71224, -73.97792), (40.71194, -73.97818), (40.71176, -73.97839), (40.71161, -73.97859), (40.71144, -73.97885), (40.71117, -73.97943), (40.711, -73.98003), (40.71095, -73.9803), (40.71087, -73.98129), (40.71078, -73.98254), (40.71065, -73.98449), (40.71042, -73.98648), (40.7101, -73.98925), (40.70972, -73.9919), (40.70957, -73.99291), (40.70927, -73.99518), (40.70893, -73.99755), (40.70883, -73.99797), (40.7087, -73.9984), (40.70853, -73.99884), (40.7085, -73.99901), (40.7085, -73.99926), (40.70855, -73.99963), (40.70864, -74.00008), (40.70871, -74.0003), (40.70877, -74.00046), (40.70886, -74.00061), (40.70898, -74.00085), (40.70926, -74.00122), (40.7097, -74.0018), (40.7107, -74.00309), (40.71076, -74.00318), (40.71087, -74.00339), (40.71092, -74.00365), (40.71099, -74.00419), (40.71106, -74.00431), (40.71119, -74.00438), (40.71126, -74.00438), (40.71132, -74.00436), (40.71142, -74.00426), (40.71147, -74.00409), (40.71147, -74.00401), (40.71144, -74.0039), (40.71139, -74.0038), (40.71124, -74.00356), (40.71108, -74.00333), (40.71059, -74.00261), (40.71023, -74.00218), (40.70954, -74.00131), (40.70909, -74.00074), (40.70809, -73.99949), (40.70488, -73.99546), (40.70328, -73.99345), (40.70138, -73.9911), (40.70097, -73.99058), (40.70071, -73.99026), (40.70061, -73.9902), (40.70047, -73.99008), (40.70042, -73.99006), (40.70026, -73.99004), (40.70011, -73.99008), (40.69995, -73.99023), (40.69991, -73.99036), (40.6999, -73.99049), (40.69994, -73.99062), (40.70001, -73.99073), (40.70011, -73.99079), (40.70019, -73.99081), (40.70024, -73.99079), (40.70041, -73.99076), (40.70058, -73.99079), (40.70066, -73.99083), (40.70085, -73.99095), (40.70143, -73.99166), (40.70188, -73.99219), (40.70214, -73.99259), (40.70238, -73.9931)]"
201301046,5D33B207A2EE590F0CE4CB08F27316B0,2013-01-01 1:38:00,2013-01-01 1:58:00,2,-73.982849,40.67334,-73.954575,40.733074,26,6.2,"[(40.67334, -73.98284), (40.67433, -73.982), (40.67516, -73.98132), (40.67594, -73.98078), (40.67634, -73.98051), (40.67642, -73.98046), (40.67635, -73.98028), (40.6761, -73.97965), (40.67586, -73.97902), (40.67545, -73.97796), (40.67607, -73.97752), (40.6787, -73.97574), (40.68013, -73.97477), (40.68026, -73.97469), (40.68044, -73.97482), (40.68085, -73.97511), (40.68186, -73.97586), (40.68311, -73.97676), (40.68374, -73.9772), (40.68465, -73.97788), (40.68659, -73.97929), (40.68704, -73.97962), (40.68767, -73.98009), (40.68837, -73.98058), (40.68848, -73.98061), (40.68851, -73.98062), (40.68854, -73.98063), (40.68895, -73.98091), (40.68995, -73.98139), (40.69148, -73.98216), (40.69368, -73.98325), (40.69477, -73.98378), (40.69494, -73.98388), (40.69541, -73.98413), (40.69557, -73.98421), (40.6957, -73.98416), (40.6959, -73.98415), (40.69593, -73.98414), (40.69593, -73.98402), (40.69591, -73.98323), (40.69589, -73.98284), (40.69587, -73.98224), (40.69592, -73.98208), (40.69592, -73.98199), (40.69596, -73.98174), (40.69614, -73.9811), (40.69625, -73.98072), (40.69629, -73.98045), (40.69629, -73.98031), (40.69627, -73.97974), (40.69631, -73.97963), (40.6963, -73.97927), (40.69626, -73.97833), (40.69617, -73.97662), (40.69581, -73.96714), (40.69575, -73.96531), (40.69579, -73.96488), (40.69589, -73.96442), (40.69599, -73.96411), (40.69614, -73.96378), (40.69639, -73.96338), (40.69666, -73.96305), (40.69684, -73.96289), (40.69703, -73.96276), (40.69724, -73.96264), (40.69744, -73.96255), (40.69795, -73.9624), (40.69929, -73.96199), (40.70002, -73.96174), (40.70086, -73.96137), (40.70159, -73.961), (40.70227, -73.96061), (40.70293, -73.96024), (40.70368, -73.95981), (40.70426, -73.95946), (40.70464, -73.95923), (40.70589, -73.95853), (40.70872, -73.95691), (40.70921, -73.9566), (40.71004, -73.95605), (40.71192, -73.95479), (40.71263, -73.95432), (40.71301, -73.95403), (40.7133, -73.9538), (40.71379, -73.95331), (40.71479, -73.95221), (40.71526, -73.95165), (40.71577, -73.95099), (40.71629, -73.95024), (40.71716, -73.94891), (40.71835, -73.94702), (40.71863, -73.94656), (40.71889, -73.94619), (40.71898, -73.94606), (40.71899, -73.94591), (40.71905, -73.94579), (40.71919, -73.94545), (40.71937, -73.94492), (40.71941, -73.94477), (40.71945, -73.94462), (40.7196, -73.94445), (40.71968, -73.94437), (40.71984, -73.94427), (40.72003, -73.94419), (40.72019, -73.94431), (40.72042, -73.94449), (40.72104, -73.94512), (40.72236, -73.94654), (40.72284, -73.94704), (40.72362, -73.94751), (40.72509, -73.94835), (40.72601, -73.94886), (40.72778, -73.94989), (40.72935, -73.95076), (40.73081, -73.9516), (40.73109, -73.95168), (40.73132, -73.95174), (40.73252, -73.95192), (40.73287, -73.95198), (40.73304, -73.95202), (40.73329, -73.95206), (40.73327, -73.95221), (40.73305, -73.95457)]"
201301047,DD201ED470BCF3F7E08D5AA473FF0DC8,2013-01-01 1:39:00,2013-01-01 1:56:00,1,-73.982185,40.678558,-73.981178,40.720993,20,5.5,"[(40.67856, -73.98218), (40.68183, -73.97997), (40.68355, -73.9788), (40.68404, -73.97851), (40.68434, -73.97831), (40.68442, -73.97825), (40.68445, -73.97839), (40.68449, -73.97855), (40.68467, -73.979), (40.68508, -73.98008), (40.68546, -73.98105), (40.68609, -73.98265), (40.68867, -73.9893), (40.68892, -73.99007), (40.68907, -73.99048), (40.68913, -73.99044), (40.68923, -73.99038), (40.68951, -73.99021), (40.69023, -73.98971), (40.69084, -73.98931), (40.69099, -73.98922), (40.69107, -73.98917), (40.6913, -73.98913), (40.69142, -73.9891), (40.69176, -73.98903), (40.69191, -73.98901), (40.69203, -73.98898), (40.6921, -73.98893), (40.69234, -73.9889), (40.69272, -73.9889), (40.69312, -73.98887), (40.69324, -73.98885), (40.69351, -73.98882), (40.69456, -73.98875), (40.69822, -73.98854), (40.69934, -73.98855), (40.69955, -73.9886), (40.69968, -73.98866), (40.69984, -73.98878), (40.69995, -73.98889), (40.70014, -73.98915), (40.70029, -73.98937), (40.7006, -73.98983), (40.70067, -73.9899), (40.70158, -73.99102), (40.70229, -73.99194), (40.7032, -73.99305), (40.70438, -73.99449), (40.70544, -73.99585), (40.70596, -73.99652), (40.7065, -73.99717), (40.70663, -73.99731), (40.7069, -73.99767), (40.70719, -73.99803), (40.70732, -73.99823), (40.70773, -73.99873), (40.70834, -73.99957), (40.70877, -74.00007), (40.70899, -74.0004), (40.70951, -74.00104), (40.71027, -74.00199), (40.71101, -74.00295), (40.71121, -74.0032), (40.71128, -74.00322), (40.71139, -74.00328), (40.71155, -74.00334), (40.71164, -74.00332), (40.71173, -74.00322), (40.71177, -74.00315), (40.71179, -74.00299), (40.71177, -74.00288), (40.7117, -74.00277), (40.71158, -74.00268), (40.71153, -74.00265), (40.71128, -74.00258), (40.71099, -74.00241), (40.71083, -74.00229), (40.71058, -74.00204), (40.70957, -74.00075), (40.70924, -74.00034), (40.70913, -74.00025), (40.70902, -74.00021), (40.70883, -74.0002), (40.7085, -74.00013), (40.70841, -74.0001), (40.70834, -74.00002), (40.70821, -73.99984), (40.70815, -73.99968), (40.70812, -73.99946), (40.70814, -73.99922), (40.7082, -73.999), (40.7084, -73.99858), (40.70856, -73.99818), (40.70865, -73.99789), (40.70879, -73.99732), (40.70887, -73.99696), (40.70903, -73.99578), (40.70923, -73.99452), (40.70931, -73.99411), (40.70938, -73.9935), (40.70957, -73.99221), (40.70975, -73.99099), (40.70992, -73.98987), (40.71011, -73.9883), (40.71053, -73.98467), (40.71067, -73.98275), (40.71074, -73.98172), (40.71076, -73.98139), (40.71082, -73.98052), (40.71087, -73.98018), (40.71092, -73.9799), (40.71105, -73.97945), (40.71128, -73.97892), (40.71148, -73.97856), (40.71181, -73.97816), (40.71194, -73.97802), (40.71223, -73.97778), (40.71251, -73.97761), (40.71378, -73.97695), (40.71482, -73.97643), (40.71523, -73.97622), (40.71665, -73.9755), (40.71686, -73.97533), (40.71714, -73.97519), (40.71737, -73.97507), (40.71761, -73.97497), (40.71782, -73.9749), (40.7181, -73.97484), (40.71842, -73.97479), (40.71873, -73.97477), (40.71879, -73.97478), (40.71886, -73.97479), (40.7189, -73.97483), (40.71894, -73.97489), (40.71896, -73.97494), (40.71898, -73.97503), (40.71898, -73.97518), (40.71901, -73.97545), (40.71919, -73.97633), (40.71935, -73.97712), (40.71942, -73.97736), (40.71996, -73.97862), (40.72018, -73.97929), (40.72039, -73.97981), (40.72044, -73.97996), (40.72047, -73.98001), (40.7205, -73.98002), (40.72056, -73.98002), (40.72061, -73.98005), (40.72098, -73.98096), (40.72104, -73.98109), (40.72098, -73.98114)]"
201301048,6945300E90C69061B463CCDA370DE5D6,2013-01-01 1:39:00,2013-01-01 1:58:00,1,-73.944717,40.779148,-73.942757,40.714863,19,7.9,"[(40.77915, -73.94471), (40.77917, -73.94476), (40.77924, -73.9447), (40.77944, -73.94455), (40.77976, -73.94426), (40.77976, -73.94408), (40.77974, -73.94397), (40.77968, -73.94386), (40.77953, -73.94378), (40.77949, -73.94367), (40.77911, -73.94349), (40.77838, -73.94316), (40.77787, -73.94295), (40.77693, -73.94266), (40.7764, -73.94259), (40.77618, -73.94259), (40.77583, -73.94265), (40.77558, -73.94272), (40.77524, -73.94287), (40.77494, -73.94305), (40.77467, -73.94326), (40.77391, -73.94387), (40.77346, -73.94424), (40.773, -73.94462), (40.77269, -73.94492), (40.77251, -73.94512), (40.77226, -73.94542), (40.77191, -73.94593), (40.77149, -73.94652), (40.77135, -73.94667), (40.77087, -73.94713), (40.77026, -73.94769), (40.76989, -73.94806), (40.76955, -73.9484), (40.76863, -73.94924), (40.76789, -73.9498), (40.76712, -73.95049), (40.76673, -73.95078), (40.76637, -73.95106), (40.76556, -73.95179), (40.76468, -73.95259), (40.76323, -73.95387), (40.76284, -73.95424), (40.76247, -73.95463), (40.76157, -73.95561), (40.76111, -73.95614), (40.76042, -73.95716), (40.76018, -73.9575), (40.76001, -73.95769), (40.75979, -73.9579), (40.75953, -73.95811), (40.75883, -73.95861), (40.75804, -73.95919), (40.75774, -73.95945), (40.7571, -73.96), (40.75633, -73.9606), (40.75612, -73.96076), (40.75594, -73.96092), (40.75575, -73.96115), (40.7553, -73.96176), (40.7551, -73.96202), (40.75495, -73.96218), (40.75462, -73.96247), (40.75435, -73.96271), (40.754, -73.96302), (40.75336, -73.96357), (40.75277, -73.96417), (40.7519, -73.96499), (40.75179, -73.96509), (40.75101, -73.96574), (40.74971, -73.96681), (40.74775, -73.96841), (40.74757, -73.96857), (40.74755, -73.96868), (40.74727, -73.96892), (40.74688, -73.9693), (40.74664, -73.96954), (40.74587, -73.97034), (40.74539, -73.97076), (40.74518, -73.97092), (40.74525, -73.97109), (40.74567, -73.97207), (40.74577, -73.97228), (40.74591, -73.97264), (40.74623, -73.97341), (40.74633, -73.97365), (40.74623, -73.97372), (40.74616, -73.97377), (40.74613, -73.97378), (40.746, -73.97376), (40.74585, -73.97362), (40.74579, -73.97354), (40.74571, -73.97349), (40.74562, -73.97324), (40.74559, -73.9731), (40.7456, -73.97285), (40.74566, -73.9725), (40.74586, -73.97195), (40.74595, -73.97179), (40.74607, -73.97168), (40.74705, -73.97092), (40.74731, -73.9707), (40.74744, -73.97051), (40.74755, -73.97029), (40.7477, -73.96985), (40.74775, -73.9696), (40.74778, -73.96937), (40.74779, -73.96913), (40.74777, -73.96889), (40.74768, -73.96843), (40.74747, -73.96778), (40.74734, -73.96745), (40.74716, -73.96715), (40.74622, -73.96576), (40.7449, -73.96381), (40.74407, -73.96257), (40.74311, -73.96115), (40.74274, -73.96053), (40.74248, -73.96003), (40.74236, -73.95961), (40.74193, -73.95792), (40.74146, -73.95541), (40.74143, -73.95507), (40.74142, -73.95457), (40.74142, -73.95365), (40.74136, -73.95265), (40.74133, -73.95215), (40.74133, -73.95178), (40.74141, -73.95133), (40.74157, -73.95057), (40.7416, -73.95012), (40.74158, -73.94959), (40.74147, -73.94888), (40.74095, -73.94622), (40.74079, -73.94542), (40.74064, -73.94484), (40.74047, -73.94435), (40.74021, -73.94369), (40.73936, -73.94167), (40.73866, -73.94001), (40.73835, -73.93915), (40.73813, -73.93835), (40.73799, -73.93773), (40.73784, -73.93674), (40.73773, -73.93584), (40.73763, -73.93523), (40.73733, -73.93366), (40.73717, -73.93267), (40.73708, -73.93207), (40.737, -73.93199), (40.73699, -73.93199), (40.73659, -73.92989), (40.73632, -73.92854), (40.73612, -73.92758), (40.73603, -73.92742), (40.73597, -73.92712), (40.73592, -73.92684), (40.73575, -73.92601), (40.7355, -73.92514), (40.73543, -73.92508), (40.73533, -73.92484), (40.73517, -73.92448), (40.73504, -73.9243), (40.73491, -73.92419), (40.7347, -73.92407), (40.73448, -73.92404), (40.73437, -73.92405), (40.73429, -73.92407), (40.73417, -73.92412), (40.73407, -73.9242), (40.73378, -73.92449), (40.73373, -73.92451), (40.7335, -73.92472), (40.73328, -73.92489), (40.73297, -73.9251), (40.73241, -73.92543), (40.73181, -73.92577), (40.73171, -73.92573), (40.73065, -73.92642), (40.72988, -73.92694), (40.7295, -73.92724), (40.72912, -73.92757), (40.7282, -73.9286), (40.72746, -73.92942), (40.72679, -73.93018), (40.72648, -73.93055), (40.72625, -73.93087), (40.72603, -73.93122), (40.72578, -73.93169), (40.72557, -73.93217), (40.72538, -73.93272), (40.7252, -73.93334), (40.72522, -73.93352), (40.72517, -73.93374), (40.72494, -73.9347), (40.72457, -73.93608), (40.72441, -73.93678), (40.72428, -73.93728), (40.72421, -73.93752), (40.7241, -73.93784), (40.72389, -73.93835), (40.7236, -73.93894), (40.72286, -73.94025), (40.7227, -73.94051), (40.72238, -73.94095), (40.72227, -73.94112), (40.72214, -73.94109), (40.72209, -73.94108), (40.72161, -73.94097), (40.72087, -73.94087), (40.71943, -73.94063), (40.71897, -73.94054), (40.71868, -73.94049), (40.71839, -73.94072), (40.71757, -73.94138), (40.71703, -73.94182), (40.71695, -73.94185), (40.71629, -73.94205), (40.71618, -73.9421), (40.71563, -73.94214), (40.71545, -73.94216), (40.71539, -73.94282), (40.71497, -73.94276), (40.71486, -73.94275)]"
201301049,F1BE96D13351E3F199217DCE1BAAF043,2013-01-01 1:39:00,2013-01-01 1:55:00,2,-74.003059,40.720257,-73.979782,40.743401,15,2.3,"[(40.72025, -74.00307), (40.72039, -74.00327), (40.721, -74.00275), (40.72163, -74.00221), (40.72256, -74.00142), (40.72438, -73.99989), (40.72508, -73.99933), (40.72581, -73.99867), (40.72611, -73.99841), (40.72608, -73.99834), (40.72579, -73.99775), (40.72551, -73.99718), (40.72543, -73.99697), (40.72539, -73.9968), (40.72527, -73.9963), (40.72512, -73.99572), (40.72508, -73.99551), (40.725, -73.99529), (40.72489, -73.99495), (40.72471, -73.99443), (40.72436, -73.99349), (40.7242, -73.993), (40.7241, -73.99271), (40.72406, -73.99254), (40.72418, -73.99252), (40.72506, -73.99221), (40.72556, -73.99203), (40.72637, -73.99173), (40.72743, -73.99136), (40.72757, -73.99129), (40.72765, -73.99123), (40.72797, -73.99102), (40.72833, -73.99074), (40.72843, -73.99073), (40.72889, -73.99041), (40.73013, -73.98947), (40.73198, -73.98816), (40.73329, -73.98718), (40.7347, -73.98617), (40.73638, -73.98493), (40.73883, -73.98316), (40.74014, -73.98219), (40.74135, -73.9813), (40.74197, -73.98087), (40.7426, -73.9804), (40.74341, -73.9798)]"
201301050,A0BBA11DF2E009BB4D2E897E65C4884A,2013-01-01 1:42:00,2013-01-01 2:18:00,1,-73.987045,40.764328,-74.007072,40.743595,16,2.6,"[(40.76433, -73.98707), (40.76369, -73.98555), (40.76354, -73.98519), (40.76389, -73.98495), (40.76417, -73.98474), (40.76484, -73.98633), (40.76523, -73.98728), (40.76551, -73.98793), (40.76621, -73.9896), (40.76697, -73.9914), (40.76776, -73.99327), (40.76744, -73.9935), (40.76713, -73.99371), (40.7665, -73.99417), (40.76562, -73.99482), (40.76508, -73.99523), (40.76287, -73.99684), (40.76241, -73.99718), (40.76125, -73.99801), (40.7612, -73.9981), (40.76091, -73.99835), (40.76019, -73.99886), (40.75903, -73.99969), (40.75899, -73.99969), (40.75894, -73.99968), (40.75891, -73.9997), (40.75864, -73.99989), (40.75706, -74.00105), (40.75609, -74.00176), (40.75465, -74.00282), (40.7535, -74.00367), (40.75203, -74.00472), (40.7503, -74.00599), (40.75, -74.00628), (40.74955, -74.0066), (40.74952, -74.00658), (40.74942, -74.00664), (40.74903, -74.00692), (40.74894, -74.00705), (40.74886, -74.0071), (40.74878, -74.00714), (40.74861, -74.00723), (40.74833, -74.00749), (40.74819, -74.00764), (40.74785, -74.00787), (40.74709, -74.00802), (40.74617, -74.00819), (40.74473, -74.00846), (40.74449, -74.00849), (40.74404, -74.00858), (40.74396, -74.00839), (40.74347, -74.00723), (40.74362, -74.00713)]"
201301051,484312362F4F9127F7D3487A4171E3B7,2013-01-01 1:43:00,2013-01-01 1:51:00,1,-74.003777,40.732433,-74.015175,40.715607,9,1.6,"[(40.73245, -74.00371), (40.73232, -74.00365), (40.73225, -74.0036), (40.73209, -74.0037), (40.73162, -74.00395), (40.73114, -74.00423), (40.73076, -74.00449), (40.73031, -74.00474), (40.72983, -74.00499), (40.72954, -74.00515), (40.72911, -74.00524), (40.72874, -74.0053), (40.7286, -74.00532), (40.72864, -74.00567), (40.7288, -74.00742), (40.72891, -74.00844), (40.72893, -74.00883), (40.72899, -74.00931), (40.72909, -74.01028), (40.72918, -74.01078), (40.72754, -74.01094), (40.72593, -74.01116), (40.72315, -74.01167), (40.72234, -74.01186), (40.72085, -74.01216), (40.7192, -74.01254), (40.71866, -74.01267), (40.71778, -74.0129), (40.7158, -74.01341), (40.71528, -74.01354), (40.71533, -74.01389), (40.71544, -74.01458), (40.71556, -74.01478), (40.7157, -74.01507)]"
201301052,F42B669EB2694544EC745820491DB6C7,2013-01-01 1:45:00,2013-01-01 2:10:00,1,-73.996727,40.661621,-73.989677,40.715733,20,6.0,"[(40.66161, -73.99672), (40.66211, -73.9962), (40.66241, -73.99669), (40.66308, -73.99781), (40.66326, -73.99811), (40.66382, -73.99753), (40.66439, -73.99691), (40.66495, -73.99635), (40.66552, -73.9958), (40.66608, -73.99521), (40.66632, -73.99502), (40.66638, -73.99499), (40.66672, -73.99485), (40.6668, -73.99482), (40.66689, -73.9949), (40.66712, -73.99507), (40.6675, -73.99542), (40.66795, -73.99583), (40.66843, -73.99624), (40.66862, -73.99637), (40.6691, -73.9967), (40.67079, -73.99779), (40.67257, -73.99886), (40.67303, -73.99916), (40.6738, -73.99962), (40.67468, -74.00016), (40.67557, -74.00073), (40.67576, -74.00081), (40.67598, -74.00088), (40.67629, -74.001), (40.67629, -74.00106), (40.67633, -74.0011), (40.67697, -74.00153), (40.67748, -74.00188), (40.67805, -74.00238), (40.67835, -74.00267), (40.67847, -74.00283), (40.67866, -74.00298), (40.67888, -74.00317), (40.67924, -74.0035), (40.67978, -74.00396), (40.68031, -74.00439), (40.68046, -74.0045), (40.68093, -74.00485), (40.68111, -74.00501), (40.6818, -74.00547), (40.68197, -74.00556), (40.6823, -74.00576), (40.68247, -74.00584), (40.68308, -74.006), (40.68348, -74.0061), (40.68433, -74.00652), (40.68467, -74.0067), (40.68534, -74.00714), (40.68635, -74.00775), (40.68705, -74.00836), (40.68741, -74.00868), (40.68777, -74.00891), (40.68845, -74.00933), (40.68927, -74.0101), (40.6902, -74.01083), (40.69128, -74.01147), (40.69188, -74.0118), (40.6924, -74.01199), (40.69326, -74.01235), (40.69348, -74.01247), (40.69412, -74.01269), (40.6961, -74.01336), (40.69653, -74.01351), (40.69759, -74.01394), (40.69793, -74.01408), (40.69851, -74.01432), (40.69948, -74.01472), (40.70034, -74.01507), (40.70098, -74.01553), (40.70115, -74.01557), (40.70188, -74.01569), (40.70238, -74.0157), (40.7031, -74.01567), (40.70369, -74.01555), (40.70402, -74.01546), (40.70446, -74.01534), (40.70566, -74.01488), (40.70619, -74.01467), (40.7065, -74.01458), (40.70669, -74.0146), (40.70685, -74.01465), (40.707, -74.01474), (40.70717, -74.01488), (40.70729, -74.01504), (40.70731, -74.01525), (40.70733, -74.01532), (40.70734, -74.01552), (40.70731, -74.01565), (40.7072, -74.01589), (40.70713, -74.016), (40.70709, -74.01605), (40.707, -74.01609), (40.70693, -74.01612), (40.70646, -74.01628), (40.70628, -74.01625), (40.70507, -74.01668), (40.70487, -74.0167), (40.70437, -74.01668), (40.70418, -74.01664), (40.70386, -74.01654), (40.70272, -74.0162), (40.7023, -74.01601), (40.70209, -74.01587), (40.70192, -74.01573), (40.70175, -74.01556), (40.70158, -74.01534), (40.70143, -74.01507), (40.7013, -74.01478), (40.70121, -74.01452), (40.70115, -74.01423), (40.70112, -74.0139), (40.70114, -74.01351), (40.70123, -74.01289), (40.70171, -74.01078), (40.70186, -74.01013), (40.70197, -74.00977), (40.7021, -74.00944), (40.70275, -74.00836), (40.70305, -74.00786), (40.70329, -74.00744), (40.70374, -74.00672), (40.70419, -74.00602), (40.70587, -74.0034), (40.70651, -74.00233), (40.70651, -74.00223), (40.70667, -74.00192), (40.707, -74.00124), (40.70724, -74.00077), (40.70751, -74.00024), (40.70759, -74.00016), (40.70775, -74.00005), (40.70778, -74.00004), (40.70786, -74.00002), (40.708, -74.00002), (40.70814, -74.00005), (40.70827, -74.00013), (40.70846, -74.00033), (40.70895, -74.00092), (40.7093, -74.00136), (40.7095, -74.00166), (40.70962, -74.00154), (40.70964, -74.00152), (40.7097, -74.00148), (40.70985, -74.00136), (40.7102, -74.00111), (40.71081, -74.00068), (40.71089, -74.0006), (40.71133, -74.00014), (40.71177, -73.9997), (40.7118, -73.99946), (40.71187, -73.99878), (40.71201, -73.9974), (40.71206, -73.99706), (40.71232, -73.99436), (40.71241, -73.99324), (40.71247, -73.99242), (40.71249, -73.99195), (40.71262, -73.99047), (40.71266, -73.99002), (40.71345, -73.99014), (40.71367, -73.99017), (40.71391, -73.99019), (40.71441, -73.99023), (40.7146, -73.99022), (40.71476, -73.99017), (40.71556, -73.98975), (40.71573, -73.98966)]"
201301053,991D0F2BFE8C0E7EFAD3440E7D5E75AF,2013-01-01 1:47:00,2013-01-01 1:59:00,1,-73.910629,40.752659,-73.877655,40.760056,12,2.0,"[(40.75267, -73.91063), (40.7527, -73.91079), (40.75275, -73.91088), (40.75283, -73.9109), (40.75298, -73.91087), (40.75297, -73.91075), (40.75293, -73.91027), (40.75303, -73.91023), (40.75311, -73.91013), (40.75328, -73.90994), (40.75349, -73.90969), (40.75399, -73.90923), (40.75454, -73.90884), (40.7547, -73.90874), (40.7553, -73.90846), (40.75573, -73.9043), (40.75603, -73.9015), (40.75614, -73.9005), (40.75622, -73.89972), (40.75651, -73.89691), (40.75699, -73.89226), (40.7574, -73.88853), (40.75779, -73.88481), (40.75793, -73.88344), (40.75809, -73.88202), (40.75847, -73.87831), (40.75858, -73.87737), (40.75947, -73.87754), (40.76006, -73.87764)]"
201301054,8E38C50BAA33C67E44678D7D18B87B54,2013-01-01 1:48:00,2013-01-01 2:05:00,5,-73.97213,40.757214,-73.991371,40.755814,12,1.4,"[(40.75721, -73.97213), (40.7585, -73.97513), (40.75917, -73.97674), (40.75885, -73.97697), (40.75827, -73.97739), (40.75783, -73.9777), (40.7573, -73.97811), (40.75666, -73.97855), (40.75604, -73.97902), (40.75459, -73.98008), (40.75432, -73.98029), (40.75416, -73.9804), (40.75533, -73.98318), (40.7566, -73.98612), (40.75672, -73.98644), (40.75651, -73.98658), (40.75567, -73.98723), (40.75475, -73.98789), (40.75428, -73.98824), (40.75414, -73.98834), (40.75472, -73.98972), (40.75551, -73.9916)]"
201301055,809E047F8404F322D6A19D4B7B9D5FF7,2013-01-01 1:50:00,2013-01-01 2:04:00,1,-73.948204,40.77467,-73.988731,40.776718,18,2.9,"[(40.77467, -73.9482), (40.77462, -73.94809), (40.77398, -73.94855), (40.77335, -73.94902), (40.7714, -73.95044), (40.7716, -73.95087), (40.77169, -73.95104), (40.77237, -73.95266), (40.77297, -73.95407), (40.7731, -73.95441), (40.77404, -73.95663), (40.77432, -73.95727), (40.77514, -73.95923), (40.77589, -73.96099), (40.77633, -73.96203), (40.77646, -73.96233), (40.77678, -73.96313), (40.77698, -73.96361), (40.77702, -73.96371), (40.77696, -73.96375), (40.77686, -73.96383), (40.77632, -73.96423), (40.77505, -73.96515), (40.77123, -73.96794), (40.76866, -73.96982), (40.76876, -73.97012), (40.7688, -73.97034), (40.76882, -73.97062), (40.76881, -73.97103), (40.76878, -73.97167), (40.76881, -73.97191), (40.76884, -73.97212), (40.76892, -73.97246), (40.76896, -73.97265), (40.7691, -73.97314), (40.7692, -73.97348), (40.76944, -73.97399), (40.76958, -73.97426), (40.76979, -73.97457), (40.77053, -73.9757), (40.77109, -73.97667), (40.77155, -73.97742), (40.77175, -73.97772), (40.77199, -73.97809), (40.77233, -73.97854), (40.77239, -73.97865), (40.77326, -73.98075), (40.77429, -73.98322), (40.77473, -73.98425), (40.77491, -73.98461), (40.7761, -73.98744), (40.77667, -73.98876)]"
201301056,13C1BCFC3B73B6ADBA4212B1CC7AA615,2013-01-01 1:50:00,2013-01-01 2:07:00,2,-73.973824,40.779179,-73.976944,40.729004,19,5.2,"[(40.77917, -73.97381), (40.78168, -73.97198), (40.78205, -73.97171), (40.782, -73.97164), (40.7819, -73.97151), (40.78179, -73.97143), (40.78167, -73.97139), (40.78153, -73.97139), (40.78138, -73.97144), (40.78084, -73.97165), (40.78069, -73.97166), (40.78046, -73.97162), (40.78035, -73.97155), (40.77995, -73.97105), (40.77979, -73.97078), (40.77962, -73.97039), (40.77947, -73.96989), (40.77941, -73.96968), (40.77932, -73.96945), (40.77909, -73.96893), (40.77887, -73.9684), (40.7784, -73.96728), (40.77832, -73.96701), (40.77815, -73.96619), (40.77811, -73.96572), (40.77804, -73.9654), (40.77793, -73.96513), (40.77778, -73.9649), (40.77764, -73.96472), (40.77756, -73.96465), (40.77731, -73.96438), (40.77716, -73.96416), (40.77696, -73.96375), (40.77684, -73.96345), (40.77648, -73.96259), (40.77571, -73.96077), (40.77537, -73.95993), (40.77467, -73.95831), (40.77364, -73.95583), (40.77306, -73.95447), (40.77266, -73.95349), (40.77163, -73.95108), (40.77163, -73.95095), (40.77157, -73.9508), (40.77134, -73.95032), (40.77105, -73.94962), (40.77047, -73.94823), (40.77035, -73.94787), (40.77033, -73.94785), (40.77027, -73.94784), (40.7702, -73.94787), (40.76964, -73.9484), (40.76896, -73.94903), (40.76886, -73.94903), (40.76863, -73.94924), (40.76817, -73.94959), (40.76789, -73.9498), (40.76712, -73.95049), (40.76673, -73.95078), (40.76637, -73.95106), (40.76556, -73.95179), (40.76468, -73.95259), (40.76323, -73.95387), (40.76284, -73.95424), (40.76247, -73.95463), (40.76157, -73.95561), (40.76111, -73.95614), (40.76042, -73.95716), (40.76018, -73.9575), (40.76001, -73.95769), (40.75979, -73.9579), (40.75953, -73.95811), (40.75883, -73.95861), (40.75804, -73.95919), (40.75774, -73.95945), (40.7571, -73.96), (40.75633, -73.9606), (40.75612, -73.96076), (40.75594, -73.96092), (40.75575, -73.96115), (40.7553, -73.96176), (40.7551, -73.96202), (40.75495, -73.96218), (40.75462, -73.96247), (40.75435, -73.96271), (40.754, -73.96302), (40.75336, -73.96357), (40.75277, -73.96417), (40.7519, -73.96499), (40.75179, -73.96509), (40.75101, -73.96574), (40.74971, -73.96681), (40.74775, -73.96841), (40.74692, -73.96912), (40.74663, -73.9694), (40.74584, -73.97023), (40.74526, -73.97075), (40.74466, -73.9712), (40.74387, -73.97172), (40.74322, -73.97213), (40.74294, -73.97227), (40.74253, -73.97246), (40.74219, -73.97258), (40.74188, -73.97266), (40.7406, -73.97292), (40.73964, -73.97313), (40.73922, -73.97328), (40.7389, -73.97344), (40.73853, -73.97367), (40.73816, -73.97394), (40.73719, -73.97465), (40.73715, -73.97468), (40.73714, -73.97477), (40.73714, -73.97478), (40.73704, -73.97487), (40.7368, -73.975), (40.73647, -73.97511), (40.7361, -73.97516), (40.73581, -73.97515), (40.73558, -73.97513), (40.73544, -73.97511), (40.73531, -73.97514), (40.73483, -73.97503), (40.73359, -73.97472), (40.73256, -73.97446), (40.73113, -73.97409), (40.73097, -73.97405), (40.73089, -73.97406), (40.73072, -73.97412), (40.73057, -73.9742), (40.73047, -73.97422), (40.73005, -73.97453), (40.72914, -73.97519), (40.72856, -73.97561), (40.72845, -73.97569), (40.72855, -73.97589), (40.72867, -73.97618), (40.72898, -73.97696)]"
201301057,0B3D3D51C78E944F68DC04209E86D5F7,2013-01-01 1:51:00,2013-01-01 1:59:00,1,-74.000999,40.736771,-73.997177,40.726276,7,0.9,"[(40.73677, -74.00099), (40.73644, -74.00121), (40.7358, -74.00156), (40.73411, -74.00252), (40.73385, -74.00267), (40.73323, -74.00303), (40.7327, -74.00335), (40.73225, -74.0036), (40.73175, -74.00329), (40.73034, -74.00248), (40.72999, -74.00227), (40.7298, -74.00218), (40.72962, -74.00207), (40.72941, -74.00166), (40.72844, -73.99967), (40.7281, -73.999), (40.72804, -73.99891), (40.7277, -73.99822), (40.72737, -73.99752), (40.72714, -73.99707), (40.72694, -73.99667), (40.72689, -73.99671), (40.72633, -73.99719)]"
201301058,638DE546EB32ADF9918A33040A20F9E3,2013-01-01 1:52:00,2013-01-01 1:56:00,1,-73.975113,40.790112,-73.970421,40.796505,3,0.5,"[(40.79012, -73.975), (40.7915, -73.97399), (40.79212, -73.97352), (40.79263, -73.97316), (40.79269, -73.97309), (40.79332, -73.97265), (40.79415, -73.972), (40.79498, -73.97143), (40.79647, -73.97034)]"
201301059,CFD72ACC57CAB42A7776C76510DFBB90,2013-01-01 1:53:00,2013-01-01 2:06:00,1,-73.977631,40.78952,-73.957367,40.774616,11,1.8,"[(40.78944, -73.97746), (40.7889, -73.97787), (40.78837, -73.97662), (40.78784, -73.97538), (40.78769, -73.97501), (40.7865, -73.97219), (40.7858, -73.97269), (40.78517, -73.97313), (40.78437, -73.97374), (40.78356, -73.97432), (40.78326, -73.97455), (40.78322, -73.97448), (40.78299, -73.97397), (40.78222, -73.97212), (40.782, -73.97164), (40.7819, -73.97151), (40.78179, -73.97143), (40.78167, -73.97139), (40.78153, -73.97139), (40.78138, -73.97144), (40.78084, -73.97165), (40.78069, -73.97166), (40.78046, -73.97162), (40.78035, -73.97155), (40.78023, -73.97142), (40.77995, -73.97105), (40.77979, -73.97078), (40.77962, -73.97039), (40.77947, -73.96989), (40.77941, -73.96968), (40.77932, -73.96945), (40.77909, -73.96893), (40.7784, -73.96728), (40.77832, -73.96701), (40.77815, -73.96619), (40.77811, -73.96572), (40.77804, -73.9654), (40.77793, -73.96513), (40.77778, -73.9649), (40.77764, -73.96472), (40.77756, -73.96465), (40.77731, -73.96438), (40.77716, -73.96416), (40.77696, -73.96375), (40.77684, -73.96345), (40.77648, -73.96259), (40.7761, -73.96169), (40.77571, -73.96077), (40.77537, -73.95993), (40.77467, -73.95831), (40.7745, -73.95789), (40.77426, -73.95731), (40.77432, -73.95727), (40.77451, -73.95712)]"
201301060,1D4E668DD639DDFDD66E96FB859DB7C3,2013-01-01 1:54:00,2013-01-01 2:02:00,1,-73.993805,40.721222,-73.984261,40.725086,8,0.9,"[(40.72121, -73.99377), (40.72078, -73.99393), (40.7203, -73.99412), (40.72021, -73.99384), (40.71999, -73.99314), (40.71982, -73.99261), (40.71969, -73.99217), (40.72093, -73.99154), (40.72225, -73.99086), (40.72326, -73.99036), (40.72337, -73.9903), (40.72333, -73.99014), (40.72318, -73.98964), (40.72291, -73.9888), (40.72279, -73.9884), (40.72264, -73.98793), (40.72254, -73.98755), (40.72234, -73.98689), (40.72218, -73.98634), (40.72229, -73.98627), (40.72264, -73.98603), (40.72347, -73.98543), (40.7239, -73.98511), (40.72508, -73.98425)]"
201301061,BD338949D329917156741A02BB89FDD1,2013-01-01 1:56:00,2013-01-01 2:12:00,5,-73.988289,40.67086,-73.958,40.689156,17,2.5,"[(40.67083, -73.98824), (40.67325, -73.98622), (40.67395, -73.98565), (40.67453, -73.98514), (40.67524, -73.98455), (40.67573, -73.98413), (40.67598, -73.98394), (40.67665, -73.98348), (40.67704, -73.98321), (40.67814, -73.98247), (40.67992, -73.98126), (40.68344, -73.97887), (40.68397, -73.97855), (40.68442, -73.97825), (40.68449, -73.97855), (40.68493, -73.97969), (40.68533, -73.98071), (40.68664, -73.97983), (40.68674, -73.97899), (40.68682, -73.97822), (40.68692, -73.97739), (40.68699, -73.97664), (40.68706, -73.97627), (40.6871, -73.97556), (40.68744, -73.9726), (40.68776, -73.96979), (40.68857, -73.96276), (40.68912, -73.95799)]"
201301062,6AEC4533E4A5F38CD0B20CCD14AC0810,2013-01-01 1:56:00,2013-01-01 2:13:00,5,-73.985275,40.763554,-73.981117,40.741203,17,2.4,"[(40.76357, -73.98526), (40.76172, -73.98084), (40.76119, -73.97959), (40.76103, -73.97922), (40.76028, -73.97743), (40.75911, -73.97468), (40.7584, -73.97298), (40.75796, -73.97195), (40.7578, -73.97158), (40.75773, -73.97137), (40.75709, -73.96987), (40.75666, -73.96883), (40.75623, -73.96781), (40.75615, -73.96761), (40.7551, -73.96836), (40.75394, -73.96921), (40.75282, -73.97001), (40.75034, -73.97183), (40.74967, -73.97232), (40.74889, -73.9729), (40.74767, -73.97379), (40.747, -73.97425), (40.74654, -73.97459), (40.74611, -73.97491), (40.74479, -73.97588), (40.74383, -73.9766), (40.74294, -73.97723), (40.74236, -73.97767), (40.74165, -73.9782), (40.74042, -73.97909), (40.74099, -73.98047), (40.74125, -73.98108)]"
201301063,DFACA41136968CD70BB40B156E9E5A2C,2013-01-01 1:56:38,2013-01-01 2:01:14,4,-74.007645,40.725727,-74.004578,40.739716,8,1.3,"[(40.72572, -74.00754), (40.72717, -74.00732), (40.72816, -74.00718), (40.72969, -74.00693), (40.7311, -74.0067), (40.73259, -74.00647), (40.73341, -74.00637), (40.73376, -74.00629), (40.73431, -74.00619), (40.73492, -74.00609), (40.73585, -74.00596), (40.73607, -74.00591), (40.73656, -74.00583), (40.73668, -74.00576), (40.73679, -74.00565), (40.73721, -74.00519), (40.73815, -74.00413), (40.73876, -74.00345), (40.73906, -74.00311), (40.73936, -74.00281), (40.73976, -74.00252), (40.73986, -74.00278), (40.74077, -74.00491), (40.74088, -74.00516), (40.7407, -74.0052), (40.74047, -74.00524), (40.74004, -74.00531), (40.73974, -74.00465), (40.73971, -74.00458)]"
201301064,D969DA336C0DBBD7EBA2582AC43ECDED,2013-01-01 1:57:00,2013-01-01 1:59:00,1,-74.004913,40.730026,-74.006691,40.720531,4,0.7,"[(40.73002, -74.00489), (40.72959, -74.00513), (40.72941, -74.00518), (40.72886, -74.00528), (40.72789, -74.00543), (40.7268, -74.00561), (40.72653, -74.00566), (40.72645, -74.00572), (40.72536, -74.0059), (40.72518, -74.00592), (40.72446, -74.00605), (40.7244, -74.00605), (40.72438, -74.00604), (40.72434, -74.00604), (40.72382, -74.00615), (40.72376, -74.00617), (40.72366, -74.00614), (40.72263, -74.0063), (40.72207, -74.00638), (40.72164, -74.00646), (40.72053, -74.00667)]"
201301065,9F8C0E2FD73112A4F8D747200CD5FF8E,2013-01-01 1:59:00,2013-01-01 2:22:00,1,-73.921288,40.770977,-73.991722,40.66695,32,12.4,"[(40.77093, -73.92131), (40.77006, -73.9181), (40.7698, -73.91682), (40.76981, -73.91664), (40.76979, -73.91653), (40.76975, -73.9164), (40.76979, -73.91623), (40.76979, -73.91622), (40.76979, -73.91621), (40.76976, -73.91603), (40.76968, -73.91536), (40.76957, -73.9144), (40.76952, -73.91381), (40.76955, -73.91369), (40.76948, -73.91325), (40.76944, -73.91299), (40.76935, -73.91242), (40.76925, -73.91186), (40.76905, -73.91094), (40.7689, -73.91005), (40.76882, -73.90949), (40.76875, -73.90846), (40.76873, -73.90791), (40.76869, -73.90763), (40.76862, -73.90722), (40.76838, -73.90612), (40.76818, -73.90542), (40.7681, -73.90534), (40.76801, -73.90511), (40.76788, -73.90484), (40.76771, -73.90458), (40.76749, -73.90437), (40.76738, -73.9043), (40.76659, -73.90395), (40.76504, -73.9033), (40.76448, -73.90306), (40.76421, -73.90297), (40.76375, -73.90278), (40.76289, -73.90243), (40.76227, -73.90218), (40.76182, -73.90204), (40.76087, -73.90182), (40.76001, -73.90161), (40.75854, -73.90125), (40.75773, -73.90096), (40.75725, -73.90073), (40.75695, -73.90057), (40.75617, -73.90008), (40.75588, -73.89989), (40.7557, -73.89977), (40.75558, -73.8997), (40.75549, -73.89959), (40.75527, -73.89946), (40.7547, -73.89909), (40.75369, -73.89844), (40.75309, -73.89806), (40.75272, -73.89784), (40.75238, -73.8977), (40.75198, -73.89762), (40.75136, -73.89753), (40.75092, -73.89747), (40.7505, -73.89735), (40.75008, -73.89717), (40.74988, -73.89706), (40.74957, -73.89687), (40.74903, -73.89654), (40.74837, -73.89613), (40.7482, -73.89604), (40.74788, -73.89585), (40.7475, -73.89562), (40.74681, -73.89523), (40.74621, -73.89491), (40.7458, -73.89476), (40.74549, -73.89471), (40.74518, -73.89471), (40.74495, -73.89474), (40.74455, -73.89487), (40.74439, -73.89494), (40.74407, -73.89515), (40.74381, -73.89537), (40.74362, -73.89557), (40.74317, -73.89613), (40.74293, -73.89641), (40.74272, -73.89662), (40.7424, -73.89701), (40.74185, -73.8977), (40.74089, -73.89888), (40.73992, -73.90006), (40.73958, -73.90056), (40.73913, -73.90141), (40.73876, -73.90239), (40.73829, -73.90367), (40.73814, -73.90409), (40.73762, -73.90528), (40.73716, -73.90632), (40.7369, -73.90701), (40.73674, -73.90757), (40.73665, -73.908), (40.73653, -73.90871), (40.73646, -73.90923), (40.73636, -73.90995), (40.73623, -73.91094), (40.73609, -73.91192), (40.7356, -73.91561), (40.73549, -73.91646), (40.7354, -73.91757), (40.73533, -73.9186), (40.73524, -73.91935), (40.73508, -73.92042), (40.73495, -73.92097), (40.73479, -73.92155), (40.73462, -73.92206), (40.73447, -73.92246), (40.73426, -73.92295), (40.73404, -73.92339), (40.73377, -73.92383), (40.73348, -73.92422), (40.73315, -73.92457), (40.73269, -73.92499), (40.73231, -73.92527), (40.73218, -73.92541), (40.73201, -73.92552), (40.7316, -73.92579), (40.73036, -73.92661), (40.72977, -73.92702), (40.72949, -73.92724), (40.72905, -73.92765), (40.72813, -73.92868), (40.7277, -73.92915), (40.72729, -73.92962), (40.72663, -73.93037), (40.72637, -73.9307), (40.72615, -73.93102), (40.72592, -73.93142), (40.72568, -73.93191), (40.72546, -73.93247), (40.7253, -73.933), (40.72498, -73.93419), (40.72479, -73.93489), (40.72447, -73.9361), (40.72425, -73.93697), (40.72404, -73.93768), (40.72379, -73.93831), (40.72335, -73.93917), (40.72267, -73.94037), (40.72203, -73.94128), (40.72172, -73.94171), (40.7214, -73.94221), (40.72089, -73.94309), (40.72015, -73.94435), (40.71836, -73.94731), (40.71804, -73.94783), (40.71743, -73.94876), (40.71634, -73.95044), (40.71583, -73.95116), (40.71523, -73.95192), (40.71476, -73.95249), (40.71394, -73.95343), (40.71302, -73.95448), (40.71263, -73.9549), (40.71234, -73.95517), (40.71198, -73.95547), (40.7118, -73.95559), (40.71161, -73.95572), (40.71107, -73.95597), (40.71042, -73.95616), (40.71001, -73.95635), (40.70853, -73.9572), (40.70758, -73.95774), (40.70542, -73.95896), (40.70413, -73.95967), (40.70233, -73.9607), (40.70132, -73.96127), (40.70094, -73.96145), (40.70026, -73.96176), (40.69956, -73.96202), (40.69832, -73.9624), (40.69782, -73.96255), (40.6974, -73.96268), (40.69721, -73.96277), (40.697, -73.9629), (40.69682, -73.96304), (40.69649, -73.9634), (40.69633, -73.96362), (40.69621, -73.96383), (40.69601, -73.96432), (40.69587, -73.96489), (40.69584, -73.96516), (40.69583, -73.96552), (40.69598, -73.96948), (40.69608, -73.97212), (40.69616, -73.97415), (40.69619, -73.97505), (40.69636, -73.97869), (40.69641, -73.97984), (40.6965, -73.9804), (40.69663, -73.98079), (40.69675, -73.98105), (40.69687, -73.98128), (40.69707, -73.98155), (40.69763, -73.98218), (40.69833, -73.98293), (40.6997, -73.98442), (40.70038, -73.98518), (40.7005, -73.98533), (40.70078, -73.98576), (40.701, -73.98631), (40.70114, -73.98683), (40.70148, -73.98901), (40.70158, -73.98976), (40.70171, -73.99134), (40.70172, -73.9921), (40.70168, -73.99246), (40.70162, -73.99281), (40.70157, -73.99304), (40.70142, -73.99356), (40.70126, -73.99402), (40.70108, -73.99448), (40.70054, -73.99545), (40.70033, -73.99577), (40.70013, -73.99602), (40.6999, -73.99625), (40.69969, -73.9964), (40.69948, -73.99653), (40.69757, -73.99744), (40.69431, -73.99899), (40.69318, -73.99945), (40.69299, -73.99951), (40.69271, -73.99955), (40.69251, -73.99955), (40.69217, -73.99952), (40.69186, -73.99942), (40.69066, -73.99892), (40.6904, -73.99883), (40.69012, -73.99878), (40.68986, -73.9988), (40.68961, -73.99887), (40.68926, -73.999), (40.68908, -73.99908), (40.68771, -73.99974), (40.6868, -74.00019), (40.684, -74.00153), (40.6815, -74.00274), (40.68072, -74.00312), (40.68045, -74.00326), (40.68041, -74.00335), (40.68041, -74.00336), (40.68029, -74.00343), (40.68017, -74.00353), (40.68007, -74.00365), (40.67992, -74.00379), (40.67975, -74.0039), (40.67954, -74.00395), (40.67941, -74.00396), (40.67926, -74.00394), (40.67904, -74.00385), (40.67898, -74.00381), (40.6786, -74.00344), (40.67844, -74.00328), (40.67812, -74.00297), (40.67802, -74.00288), (40.67786, -74.00278), (40.67769, -74.00272), (40.67757, -74.00266), (40.67736, -74.00253), (40.67729, -74.00251), (40.67671, -74.00207), (40.67635, -74.00185), (40.67605, -74.00165), (40.67585, -74.00146), (40.67578, -74.00137), (40.67562, -74.00123), (40.6753, -74.00101), (40.67484, -74.00068), (40.67435, -74.00037), (40.67403, -74.00018), (40.67311, -73.99959), (40.67206, -73.99892), (40.67145, -73.99851), (40.67088, -73.99816), (40.67043, -73.99789), (40.67027, -73.99779), (40.67037, -73.99752), (40.6704, -73.99743), (40.67032, -73.99735), (40.67027, -73.99728), (40.67018, -73.99709), (40.66931, -73.9953), (40.66795, -73.9925), (40.66749, -73.99153), (40.66737, -73.9913), (40.66729, -73.99137), (40.66704, -73.99158), (40.66693, -73.99168)]"